# Blender 5.0.1
# www.blender.org
mtllib connon.mtl
o Circle
v 0.831470 0.555570 2.886776
v 0.923880 0.382683 2.886776
v -0.382683 -0.923880 2.886776
v -0.555570 -0.831470 2.886776
v -0.195090 0.980785 2.886776
v 0.000000 1.000000 2.886776
v 0.707107 0.707107 2.886776
v -0.195090 -0.980785 2.886776
v -0.382683 0.923879 2.886776
v 0.555570 0.831469 2.886776
v 0.000000 -1.000000 2.886776
v -0.555570 0.831469 2.886776
v 0.382683 0.923879 2.886776
v 0.195090 -0.980785 2.886776
v -0.707107 0.707107 2.886776
v 0.195090 0.980785 2.886776
v 0.382683 -0.923880 2.886776
v -0.831470 0.555570 2.886776
v 0.555570 -0.831470 2.886776
v -0.923880 0.382683 2.886776
v 0.707107 -0.707107 2.886776
v -0.980785 0.195090 2.886776
v 0.831470 -0.555570 2.886776
v -1.000000 -0.000000 2.886776
v 0.923880 -0.382684 2.886776
v -0.980785 -0.195090 2.886776
v 0.980785 -0.195090 2.886776
v -0.923880 -0.382684 2.886776
v 1.000000 -0.000000 2.886776
v -0.831470 -0.555570 2.886776
v 0.980785 0.195090 2.886776
v -0.707107 -0.707107 2.886776
v 0.923880 0.382683 2.581560
v -0.555570 -0.831470 2.581560
v 0.000000 1.000000 2.581560
v 0.831470 0.555570 2.581560
v -0.382683 -0.923880 2.581560
v -0.195090 0.980785 2.581560
v 0.707107 0.707107 2.581560
v -0.195090 -0.980785 2.581560
v -0.382683 0.923879 2.581560
v 0.555570 0.831469 2.581560
v 0.000000 -1.000000 2.581560
v -0.555570 0.831469 2.581560
v 0.382683 0.923879 2.581560
v 0.195090 -0.980785 2.581560
v -0.707107 0.707107 2.581560
v 0.195090 0.980785 2.581560
v 0.382683 -0.923880 2.581560
v -0.831470 0.555570 2.581560
v 0.555570 -0.831470 2.581560
v -0.923880 0.382683 2.581560
v 0.707107 -0.707107 2.581560
v -0.980785 0.195090 2.581560
v 0.831470 -0.555570 2.581560
v -1.000000 -0.000000 2.581560
v 0.923880 -0.382684 2.581560
v -0.980785 -0.195090 2.581560
v 0.980785 -0.195090 2.581560
v -0.923880 -0.382684 2.581560
v 1.000000 -0.000000 2.581560
v -0.831470 -0.555570 2.581560
v 0.980785 0.195090 2.581560
v -0.707107 -0.707107 2.581560
v -0.134573 0.676542 1.598541
v -0.000000 0.689797 1.598541
v -0.263974 0.637289 1.598541
v -0.383231 0.573545 1.598541
v -0.487760 0.487760 1.598541
v -0.573545 0.383230 1.598541
v -0.637289 0.263974 1.598541
v -0.676543 0.134573 1.598541
v -0.689797 -0.000000 1.598541
v -0.676543 -0.134573 1.598541
v -0.637289 -0.263974 1.598541
v -0.573545 -0.383231 1.598541
v -0.487760 -0.487760 1.598541
v -0.383231 -0.573545 1.598541
v -0.263974 -0.637289 1.598541
v -0.134573 -0.676542 1.598541
v -0.000000 -0.689797 1.598541
v 0.134572 -0.676542 1.598541
v 0.263973 -0.637289 1.598541
v 0.383230 -0.573545 1.598541
v 0.487759 -0.487760 1.598541
v 0.573545 -0.383231 1.598541
v 0.637289 -0.263974 1.598541
v 0.676542 -0.134573 1.598541
v 0.689796 -0.000000 1.598541
v 0.676542 0.134573 1.598541
v 0.637289 0.263974 1.598541
v 0.573545 0.383230 1.598541
v 0.487759 0.487760 1.598541
v 0.383230 0.573545 1.598541
v 0.263973 0.637289 1.598541
v 0.134572 0.676542 1.598541
v 0.923880 0.382683 1.863813
v -0.555570 -0.831470 1.863813
v 0.000000 1.000000 1.863813
v 0.831470 0.555570 1.863813
v -0.382683 -0.923880 1.863813
v -0.195090 0.980785 1.863813
v 0.707107 0.707107 1.863813
v -0.195090 -0.980785 1.863813
v -0.382683 0.923879 1.863813
v 0.555570 0.831470 1.863813
v 0.000000 -1.000000 1.863813
v -0.555570 0.831470 1.863813
v 0.382683 0.923879 1.863813
v 0.195090 -0.980785 1.863813
v -0.707107 0.707107 1.863813
v 0.195090 0.980785 1.863813
v 0.382683 -0.923880 1.863813
v -0.831470 0.555570 1.863813
v 0.555570 -0.831470 1.863813
v -0.923880 0.382683 1.863813
v 0.707107 -0.707107 1.863813
v -0.980785 0.195090 1.863813
v 0.831470 -0.555570 1.863813
v -1.000000 -0.000000 1.863813
v 0.923880 -0.382684 1.863813
v -0.980785 -0.195090 1.863813
v 0.980785 -0.195090 1.863813
v -0.923880 -0.382684 1.863813
v 1.000000 -0.000000 1.863813
v -0.831470 -0.555570 1.863813
v 0.980785 0.195090 1.863813
v -0.707107 -0.707107 1.863813
v 0.923880 0.382683 1.642252
v -0.555570 -0.831470 1.642252
v 0.000000 1.000000 1.642252
v 0.831470 0.555570 1.642252
v -0.382683 -0.923880 1.642252
v -0.195090 0.980785 1.642252
v 0.707107 0.707107 1.642252
v -0.195090 -0.980785 1.642252
v -0.382683 0.923879 1.642252
v 0.555570 0.831470 1.642252
v 0.000000 -1.000000 1.642252
v -0.555570 0.831470 1.642252
v 0.382683 0.923879 1.642252
v 0.195090 -0.980785 1.642252
v -0.707107 0.707107 1.642252
v 0.195090 0.980785 1.642252
v 0.382683 -0.923880 1.642252
v -0.831470 0.555570 1.642252
v 0.555570 -0.831470 1.642252
v -0.923880 0.382683 1.642252
v 0.707107 -0.707107 1.642252
v -0.980785 0.195090 1.642252
v 0.831470 -0.555570 1.642252
v -1.000000 -0.000000 1.642252
v 0.923880 -0.382684 1.642252
v -0.980785 -0.195090 1.642252
v 0.980785 -0.195090 1.642252
v -0.923880 -0.382684 1.642252
v 1.000000 -0.000000 1.642252
v -0.831470 -0.555570 1.642252
v 0.980785 0.195090 1.642252
v -0.707107 -0.707107 1.642252
v 0.923880 0.382683 1.863813
v -0.555570 -0.831470 1.863813
v 0.000000 1.000000 1.863813
v 0.831470 0.555570 1.863813
v -0.382683 -0.923880 1.863813
v -0.195090 0.980785 1.863813
v 0.707107 0.707107 1.863813
v -0.195090 -0.980785 1.863813
v -0.382683 0.923879 1.863813
v 0.555570 0.831470 1.863813
v 0.000000 -1.000000 1.863813
v -0.555570 0.831470 1.863813
v 0.382683 0.923879 1.863813
v 0.195090 -0.980785 1.863813
v -0.707107 0.707107 1.863813
v 0.195090 0.980785 1.863813
v 0.382683 -0.923880 1.863813
v -0.831470 0.555570 1.863813
v 0.555570 -0.831470 1.863813
v -0.923880 0.382683 1.863813
v 0.707107 -0.707107 1.863813
v -0.980785 0.195090 1.863813
v 0.831470 -0.555570 1.863813
v -1.000000 -0.000000 1.863813
v 0.923880 -0.382684 1.863813
v -0.980785 -0.195090 1.863813
v 0.980785 -0.195090 1.863813
v -0.923880 -0.382684 1.863813
v 1.000000 -0.000000 1.863813
v -0.831470 -0.555570 1.863813
v 0.980785 0.195090 1.863813
v -0.707107 -0.707107 1.863813
v 0.923880 0.382683 1.642252
v -0.555570 -0.831470 1.642252
v 0.000000 1.000000 1.642252
v 0.831470 0.555570 1.642252
v -0.382683 -0.923880 1.642252
v -0.195090 0.980785 1.642252
v 0.707107 0.707107 1.642252
v -0.195090 -0.980785 1.642252
v -0.382683 0.923879 1.642252
v 0.555570 0.831470 1.642252
v 0.000000 -1.000000 1.642252
v -0.555570 0.831470 1.642252
v 0.382683 0.923879 1.642252
v 0.195090 -0.980785 1.642252
v -0.707107 0.707107 1.642252
v 0.195090 0.980785 1.642252
v 0.382683 -0.923880 1.642252
v -0.831470 0.555570 1.642252
v 0.555570 -0.831470 1.642252
v -0.923880 0.382683 1.642252
v 0.707107 -0.707107 1.642252
v -0.980785 0.195090 1.642252
v 0.831470 -0.555570 1.642252
v -1.000000 -0.000000 1.642252
v 0.923880 -0.382684 1.642252
v -0.980785 -0.195090 1.642252
v 0.980785 -0.195090 1.642252
v -0.923880 -0.382684 1.642252
v 1.000000 -0.000000 1.642252
v -0.831470 -0.555570 1.642252
v 0.980785 0.195090 1.642252
v -0.707107 -0.707107 1.642252
v 0.942669 0.629871 1.627436
v 0.942669 0.629871 1.878628
v -0.433863 -1.047438 1.627436
v -0.433863 -1.047438 1.878628
v -0.221181 1.111953 1.627436
v -0.221181 1.111953 1.878628
v 0.801674 0.801674 1.627436
v 0.801674 0.801674 1.878628
v -0.221181 -1.111954 1.627436
v -0.221181 -1.111954 1.878628
v -0.433863 1.047437 1.627436
v -0.433863 1.047437 1.878628
v 0.629871 0.942669 1.627436
v 0.629871 0.942669 1.878628
v -0.000000 -1.133738 1.627436
v -0.000000 -1.133738 1.878628
v -0.629871 0.942669 1.627436
v -0.629871 0.942669 1.878628
v 0.433863 1.047437 1.627436
v 0.433863 1.047437 1.878628
v 0.221181 -1.111954 1.627436
v 0.221181 -1.111954 1.878628
v -0.801674 0.801674 1.627436
v -0.801674 0.801674 1.878628
v 0.221181 1.111953 1.627436
v 0.221181 1.111953 1.878628
v 0.433863 -1.047438 1.627436
v 0.433863 -1.047438 1.878628
v -0.942669 0.629871 1.627436
v -0.942669 0.629871 1.878628
v 0.629871 -0.942669 1.627436
v 0.629871 -0.942669 1.878628
v -1.047437 0.433863 1.627436
v -1.047437 0.433863 1.878628
v 0.801674 -0.801674 1.627436
v 0.801674 -0.801674 1.878628
v -1.111953 0.221181 1.627436
v -1.111953 0.221181 1.878628
v 0.942669 -0.629871 1.627436
v 0.942669 -0.629871 1.878628
v -1.133738 -0.000000 1.627436
v -1.133738 -0.000000 1.878628
v 1.047437 -0.433863 1.627436
v 1.047437 -0.433863 1.878628
v -1.111953 -0.221181 1.627436
v -1.111953 -0.221181 1.878628
v 1.111953 -0.221181 1.627436
v 1.111953 -0.221181 1.878628
v -1.047437 -0.433863 1.627436
v -1.047437 -0.433863 1.878628
v 1.133738 -0.000000 1.627436
v 1.133738 -0.000000 1.878628
v -0.942669 -0.629871 1.627436
v -0.942669 -0.629871 1.878628
v 1.111953 0.221181 1.627436
v 1.111953 0.221181 1.878628
v -0.801674 -0.801674 1.627436
v -0.801674 -0.801674 1.878628
v -0.629871 -0.942669 1.878628
v 1.047437 0.433863 1.878628
v -0.000000 1.133738 1.878628
v 1.047437 0.433863 1.627436
v -0.629871 -0.942669 1.627436
v -0.000000 1.133738 1.627436
v 0.942669 0.629871 1.627436
v 0.942669 0.629871 1.878628
v -0.433863 -1.047438 1.627436
v -0.433863 -1.047438 1.878628
v -0.221181 1.111953 1.627436
v -0.221181 1.111953 1.878628
v 0.801674 0.801674 1.627436
v 0.801674 0.801674 1.878628
v -0.221181 -1.111954 1.627436
v -0.221181 -1.111954 1.878628
v -0.433863 1.047437 1.627436
v -0.433863 1.047437 1.878628
v 0.629871 0.942669 1.627436
v 0.629871 0.942669 1.878628
v -0.000000 -1.133738 1.627436
v -0.000000 -1.133738 1.878628
v -0.629871 0.942669 1.627436
v -0.629871 0.942669 1.878628
v 0.433863 1.047437 1.627436
v 0.433863 1.047437 1.878628
v 0.221181 -1.111954 1.627436
v 0.221181 -1.111954 1.878628
v -0.801674 0.801674 1.627436
v -0.801674 0.801674 1.878628
v 0.221181 1.111953 1.627436
v 0.221181 1.111953 1.878628
v 0.433863 -1.047438 1.627436
v 0.433863 -1.047438 1.878628
v -0.942669 0.629871 1.627436
v -0.942669 0.629871 1.878628
v 0.629871 -0.942669 1.627436
v 0.629871 -0.942669 1.878628
v -1.047437 0.433863 1.627436
v -1.047437 0.433863 1.878628
v 0.801674 -0.801674 1.627436
v 0.801674 -0.801674 1.878628
v -1.111953 0.221181 1.627436
v -1.111953 0.221181 1.878628
v 0.942669 -0.629871 1.627436
v 0.942669 -0.629871 1.878628
v -1.133738 -0.000000 1.627436
v -1.133738 -0.000000 1.878628
v 1.047437 -0.433863 1.627436
v 1.047437 -0.433863 1.878628
v -1.111953 -0.221181 1.627436
v -1.111953 -0.221181 1.878628
v 1.111953 -0.221181 1.627436
v 1.111953 -0.221181 1.878628
v -1.047437 -0.433863 1.627436
v -1.047437 -0.433863 1.878628
v 1.133738 -0.000000 1.627436
v 1.133738 -0.000000 1.878628
v -0.942669 -0.629871 1.627436
v -0.942669 -0.629871 1.878628
v 1.111953 0.221181 1.627436
v 1.111953 0.221181 1.878628
v -0.801674 -0.801674 1.627436
v -0.801674 -0.801674 1.878628
v 1.047437 0.433863 1.878628
v 1.047437 0.433863 1.627436
v -0.629871 -0.942669 1.878628
v -0.629871 -0.942669 1.627436
v -0.000000 1.133738 1.878628
v -0.000000 1.133738 1.627436
v 0.000000 1.000000 0.638068
v -0.000000 0.358845 0.000000
v 0.000000 0.994515 0.554783
v -0.000000 0.978153 0.472924
v -0.000000 0.951195 0.393890
v -0.000000 0.914101 0.319034
v -0.000000 0.867507 0.249637
v -0.000000 0.812210 0.186886
v -0.000000 0.749155 0.131855
v -0.000000 0.679422 0.085485
v -0.000000 0.604204 0.048570
v -0.000000 0.524788 0.021742
v -0.000000 0.442533 0.005459
v -0.070007 0.351950 0.000000
v -0.195090 0.980785 0.638068
v -0.086334 0.434030 0.005459
v -0.102381 0.514705 0.021742
v -0.117874 0.592595 0.048570
v -0.132549 0.666368 0.085485
v -0.146153 0.734761 0.131855
v -0.158454 0.796604 0.186886
v -0.169242 0.850839 0.249637
v -0.178332 0.896537 0.319034
v -0.185569 0.932918 0.393890
v -0.190828 0.959358 0.472924
v -0.194020 0.975406 0.554783
v -0.137324 0.331530 0.000000
v -0.382683 0.923880 0.638068
v -0.169350 0.408847 0.005459
v -0.200828 0.484841 0.021742
v -0.231219 0.558212 0.048570
v -0.260004 0.627705 0.085485
v -0.286689 0.692129 0.131855
v -0.310819 0.750384 0.186886
v -0.331981 0.801472 0.249637
v -0.349812 0.844520 0.319034
v -0.364007 0.878789 0.393890
v -0.374323 0.903696 0.472924
v -0.380584 0.918812 0.554783
v -0.199364 0.298369 0.000000
v -0.555570 0.831470 0.638068
v -0.245858 0.367952 0.005459
v -0.291557 0.436345 0.021742
v -0.335678 0.502378 0.048570
v -0.377467 0.564919 0.085485
v -0.416209 0.622900 0.131855
v -0.451240 0.675328 0.186886
v -0.481961 0.721306 0.249637
v -0.507848 0.760048 0.319034
v -0.528456 0.790890 0.393890
v -0.543433 0.813305 0.472924
v -0.552523 0.826909 0.554783
v -0.253742 0.253742 0.000000
v -0.707107 0.707107 0.638068
v -0.312918 0.312918 0.005459
v -0.371081 0.371081 0.021742
v -0.427237 0.427237 0.048570
v -0.480424 0.480424 0.085485
v -0.529733 0.529733 0.131855
v -0.574319 0.574319 0.186886
v -0.613420 0.613420 0.249637
v -0.646367 0.646367 0.319034
v -0.672596 0.672596 0.393890
v -0.691659 0.691659 0.472924
v -0.703228 0.703228 0.554783
v -0.298369 0.199364 0.000000
v -0.831470 0.555570 0.638068
v -0.367952 0.245858 0.005459
v -0.436345 0.291557 0.021742
v -0.502378 0.335678 0.048570
v -0.564919 0.377467 0.085485
v -0.622900 0.416209 0.131855
v -0.675328 0.451240 0.186886
v -0.721306 0.481961 0.249637
v -0.760048 0.507848 0.319034
v -0.790890 0.528456 0.393890
v -0.813305 0.543433 0.472924
v -0.826909 0.552523 0.554783
v -0.331530 0.137324 0.000000
v -0.923880 0.382683 0.638068
v -0.408847 0.169350 0.005459
v -0.484841 0.200828 0.021742
v -0.558212 0.231219 0.048570
v -0.627705 0.260004 0.085485
v -0.692129 0.286689 0.131855
v -0.750384 0.310819 0.186886
v -0.801472 0.331981 0.249637
v -0.844520 0.349811 0.319034
v -0.878789 0.364007 0.393890
v -0.903696 0.374323 0.472924
v -0.918812 0.380584 0.554783
v -0.351950 0.070007 0.000000
v -0.980785 0.195090 0.638068
v -0.434030 0.086334 0.005459
v -0.514705 0.102381 0.021742
v -0.592595 0.117874 0.048570
v -0.666368 0.132549 0.085485
v -0.734761 0.146153 0.131855
v -0.796604 0.158454 0.186886
v -0.850839 0.169242 0.249637
v -0.896537 0.178332 0.319034
v -0.932918 0.185569 0.393890
v -0.959358 0.190828 0.472924
v -0.975406 0.194020 0.554783
v -0.358845 -0.000000 -0.000000
v -1.000000 -0.000000 0.638068
v -0.442533 -0.000000 0.005459
v -0.524788 -0.000000 0.021742
v -0.604204 -0.000000 0.048570
v -0.679422 -0.000000 0.085485
v -0.749155 -0.000000 0.131855
v -0.812210 -0.000000 0.186886
v -0.867507 -0.000000 0.249637
v -0.914101 -0.000000 0.319034
v -0.951195 -0.000000 0.393890
v -0.978153 -0.000000 0.472924
v -0.994515 -0.000000 0.554783
v -0.351950 -0.070007 -0.000000
v -0.980785 -0.195090 0.638068
v -0.434030 -0.086334 0.005459
v -0.514705 -0.102381 0.021742
v -0.592595 -0.117874 0.048570
v -0.666368 -0.132549 0.085485
v -0.734761 -0.146153 0.131855
v -0.796604 -0.158454 0.186886
v -0.850839 -0.169242 0.249637
v -0.896537 -0.178332 0.319034
v -0.932918 -0.185569 0.393890
v -0.959358 -0.190828 0.472924
v -0.975406 -0.194020 0.554783
v -0.331530 -0.137324 -0.000000
v -0.923880 -0.382683 0.638068
v -0.408847 -0.169350 0.005459
v -0.484841 -0.200828 0.021742
v -0.558212 -0.231219 0.048570
v -0.627705 -0.260004 0.085485
v -0.692129 -0.286689 0.131855
v -0.750384 -0.310819 0.186886
v -0.801472 -0.331981 0.249637
v -0.844520 -0.349812 0.319034
v -0.878789 -0.364007 0.393890
v -0.903696 -0.374323 0.472924
v -0.918812 -0.380584 0.554783
v -0.298369 -0.199364 -0.000000
v -0.831470 -0.555570 0.638068
v -0.367952 -0.245858 0.005459
v -0.436345 -0.291557 0.021742
v -0.502378 -0.335678 0.048570
v -0.564919 -0.377467 0.085485
v -0.622900 -0.416209 0.131855
v -0.675328 -0.451240 0.186886
v -0.721306 -0.481961 0.249637
v -0.760048 -0.507848 0.319034
v -0.790890 -0.528456 0.393890
v -0.813305 -0.543433 0.472924
v -0.826909 -0.552523 0.554783
v -0.253742 -0.253742 -0.000000
v -0.707107 -0.707107 0.638068
v -0.312918 -0.312918 0.005459
v -0.371081 -0.371081 0.021742
v -0.427237 -0.427237 0.048570
v -0.480424 -0.480424 0.085485
v -0.529733 -0.529733 0.131855
v -0.574319 -0.574319 0.186886
v -0.613420 -0.613420 0.249637
v -0.646367 -0.646367 0.319034
v -0.672596 -0.672596 0.393890
v -0.691659 -0.691659 0.472924
v -0.703228 -0.703228 0.554783
v -0.199364 -0.298369 -0.000000
v -0.555570 -0.831470 0.638068
v -0.245858 -0.367952 0.005459
v -0.291557 -0.436345 0.021742
v -0.335678 -0.502378 0.048570
v -0.377467 -0.564919 0.085485
v -0.416209 -0.622900 0.131855
v -0.451240 -0.675328 0.186886
v -0.481961 -0.721306 0.249637
v -0.507848 -0.760048 0.319034
v -0.528456 -0.790890 0.393890
v -0.543433 -0.813305 0.472924
v -0.552523 -0.826909 0.554783
v -0.137324 -0.331530 -0.000000
v -0.382683 -0.923880 0.638068
v -0.169350 -0.408847 0.005459
v -0.200828 -0.484841 0.021742
v -0.231219 -0.558212 0.048570
v -0.260004 -0.627705 0.085485
v -0.286689 -0.692129 0.131855
v -0.310819 -0.750384 0.186886
v -0.331981 -0.801472 0.249637
v -0.349811 -0.844520 0.319034
v -0.364007 -0.878789 0.393890
v -0.374323 -0.903696 0.472924
v -0.380584 -0.918812 0.554783
v -0.070007 -0.351950 -0.000000
v -0.195090 -0.980785 0.638068
v -0.086334 -0.434030 0.005459
v -0.102381 -0.514705 0.021742
v -0.117874 -0.592595 0.048570
v -0.132549 -0.666368 0.085485
v -0.146153 -0.734761 0.131855
v -0.158454 -0.796604 0.186886
v -0.169242 -0.850839 0.249637
v -0.178332 -0.896537 0.319034
v -0.185569 -0.932918 0.393890
v -0.190828 -0.959358 0.472924
v -0.194020 -0.975406 0.554783
v 0.000000 -0.358845 -0.000000
v 0.000000 -1.000000 0.638068
v 0.000000 -0.442533 0.005459
v 0.000000 -0.524788 0.021742
v 0.000000 -0.604204 0.048570
v 0.000000 -0.679422 0.085485
v 0.000000 -0.749155 0.131855
v 0.000000 -0.812210 0.186886
v 0.000000 -0.867507 0.249637
v 0.000000 -0.914101 0.319034
v 0.000000 -0.951195 0.393890
v 0.000000 -0.978153 0.472924
v 0.000000 -0.994515 0.554783
v 0.070007 -0.351950 -0.000000
v 0.195090 -0.980785 0.638068
v 0.086334 -0.434030 0.005459
v 0.102381 -0.514705 0.021742
v 0.117874 -0.592595 0.048570
v 0.132549 -0.666368 0.085485
v 0.146153 -0.734761 0.131855
v 0.158454 -0.796604 0.186886
v 0.169242 -0.850839 0.249637
v 0.178332 -0.896537 0.319034
v 0.185569 -0.932918 0.393890
v 0.190828 -0.959358 0.472924
v 0.194020 -0.975406 0.554783
v 0.137324 -0.331530 -0.000000
v 0.382683 -0.923880 0.638068
v 0.169350 -0.408847 0.005459
v 0.200828 -0.484841 0.021742
v 0.231219 -0.558212 0.048570
v 0.260004 -0.627705 0.085485
v 0.286689 -0.692129 0.131855
v 0.310819 -0.750384 0.186886
v 0.331981 -0.801472 0.249637
v 0.349812 -0.844520 0.319034
v 0.364007 -0.878789 0.393890
v 0.374323 -0.903696 0.472924
v 0.380584 -0.918812 0.554783
v 0.199364 -0.298369 -0.000000
v 0.555570 -0.831470 0.638068
v 0.245858 -0.367952 0.005459
v 0.291557 -0.436345 0.021742
v 0.335678 -0.502378 0.048570
v 0.377467 -0.564919 0.085485
v 0.416209 -0.622900 0.131855
v 0.451240 -0.675328 0.186886
v 0.481961 -0.721306 0.249637
v 0.507848 -0.760048 0.319034
v 0.528456 -0.790890 0.393890
v 0.543433 -0.813305 0.472924
v 0.552523 -0.826909 0.554783
v 0.253742 -0.253742 -0.000000
v 0.707107 -0.707107 0.638068
v 0.312918 -0.312918 0.005459
v 0.371081 -0.371081 0.021742
v 0.427237 -0.427237 0.048570
v 0.480424 -0.480424 0.085485
v 0.529733 -0.529733 0.131855
v 0.574319 -0.574319 0.186886
v 0.613420 -0.613420 0.249637
v 0.646367 -0.646367 0.319034
v 0.672596 -0.672596 0.393890
v 0.691659 -0.691659 0.472924
v 0.703228 -0.703228 0.554783
v 0.298369 -0.199364 -0.000000
v 0.831470 -0.555570 0.638068
v 0.367952 -0.245858 0.005459
v 0.436345 -0.291557 0.021742
v 0.502378 -0.335678 0.048570
v 0.564919 -0.377467 0.085485
v 0.622900 -0.416209 0.131855
v 0.675328 -0.451240 0.186886
v 0.721306 -0.481961 0.249637
v 0.760048 -0.507848 0.319034
v 0.790890 -0.528456 0.393890
v 0.813305 -0.543433 0.472924
v 0.826909 -0.552523 0.554783
v 0.331530 -0.137324 -0.000000
v 0.923880 -0.382683 0.638068
v 0.408847 -0.169350 0.005459
v 0.484841 -0.200828 0.021742
v 0.558212 -0.231219 0.048570
v 0.627705 -0.260004 0.085485
v 0.692129 -0.286689 0.131855
v 0.750384 -0.310819 0.186886
v 0.801472 -0.331981 0.249637
v 0.844520 -0.349811 0.319034
v 0.878789 -0.364007 0.393890
v 0.903696 -0.374323 0.472924
v 0.918812 -0.380584 0.554783
v 0.351950 -0.070007 -0.000000
v 0.980785 -0.195090 0.638068
v 0.434030 -0.086334 0.005459
v 0.514705 -0.102381 0.021742
v 0.592595 -0.117874 0.048570
v 0.666368 -0.132549 0.085485
v 0.734761 -0.146153 0.131855
v 0.796604 -0.158454 0.186886
v 0.850839 -0.169242 0.249637
v 0.896537 -0.178332 0.319034
v 0.932918 -0.185569 0.393890
v 0.959358 -0.190828 0.472924
v 0.975406 -0.194020 0.554783
v 0.358845 0.000000 0.000000
v 1.000000 -0.000000 0.638068
v 0.442533 0.000000 0.005459
v 0.524788 0.000000 0.021742
v 0.604204 0.000000 0.048570
v 0.679422 -0.000000 0.085485
v 0.749155 -0.000000 0.131855
v 0.812210 -0.000000 0.186886
v 0.867507 -0.000000 0.249637
v 0.914101 -0.000000 0.319034
v 0.951195 -0.000000 0.393890
v 0.978153 -0.000000 0.472924
v 0.994515 -0.000000 0.554783
v 0.351950 0.070007 0.000000
v 0.980785 0.195090 0.638068
v 0.434030 0.086334 0.005459
v 0.514705 0.102381 0.021742
v 0.592595 0.117874 0.048570
v 0.666368 0.132549 0.085485
v 0.734761 0.146153 0.131855
v 0.796604 0.158454 0.186886
v 0.850839 0.169242 0.249637
v 0.896537 0.178332 0.319034
v 0.932918 0.185569 0.393890
v 0.959358 0.190828 0.472924
v 0.975406 0.194020 0.554783
v 0.331530 0.137324 0.000000
v 0.923880 0.382683 0.638068
v 0.408847 0.169350 0.005459
v 0.484841 0.200828 0.021742
v 0.558212 0.231219 0.048570
v 0.627705 0.260004 0.085485
v 0.692129 0.286689 0.131855
v 0.750384 0.310819 0.186886
v 0.801472 0.331981 0.249637
v 0.844520 0.349812 0.319034
v 0.878789 0.364007 0.393890
v 0.903696 0.374323 0.472924
v 0.918812 0.380584 0.554783
v 0.298369 0.199364 0.000000
v 0.831470 0.555570 0.638068
v 0.367952 0.245858 0.005459
v 0.436345 0.291557 0.021742
v 0.502378 0.335678 0.048570
v 0.564919 0.377467 0.085485
v 0.622900 0.416209 0.131855
v 0.675328 0.451240 0.186886
v 0.721306 0.481961 0.249637
v 0.760048 0.507848 0.319034
v 0.790890 0.528456 0.393890
v 0.813305 0.543433 0.472924
v 0.826909 0.552523 0.554783
v 0.253742 0.253742 0.000000
v 0.707107 0.707107 0.638068
v 0.312918 0.312918 0.005459
v 0.371081 0.371081 0.021742
v 0.427237 0.427237 0.048570
v 0.480424 0.480424 0.085485
v 0.529733 0.529733 0.131855
v 0.574319 0.574319 0.186886
v 0.613420 0.613420 0.249637
v 0.646367 0.646367 0.319034
v 0.672596 0.672596 0.393890
v 0.691659 0.691659 0.472924
v 0.703228 0.703228 0.554783
v 0.199364 0.298369 0.000000
v 0.555570 0.831470 0.638068
v 0.245858 0.367952 0.005459
v 0.291557 0.436345 0.021742
v 0.335678 0.502378 0.048570
v 0.377467 0.564919 0.085485
v 0.416209 0.622900 0.131855
v 0.451240 0.675328 0.186886
v 0.481961 0.721306 0.249637
v 0.507848 0.760048 0.319034
v 0.528456 0.790890 0.393890
v 0.543433 0.813305 0.472924
v 0.552523 0.826909 0.554783
v 0.137324 0.331530 0.000000
v 0.382683 0.923880 0.638068
v 0.169350 0.408847 0.005459
v 0.200828 0.484841 0.021742
v 0.231219 0.558212 0.048570
v 0.260004 0.627705 0.085485
v 0.286689 0.692129 0.131855
v 0.310819 0.750384 0.186886
v 0.331981 0.801472 0.249637
v 0.349811 0.844520 0.319034
v 0.364007 0.878789 0.393890
v 0.374323 0.903696 0.472924
v 0.380584 0.918812 0.554783
v 0.070007 0.351950 0.000000
v 0.195090 0.980785 0.638068
v 0.086334 0.434030 0.005459
v 0.102381 0.514705 0.021742
v 0.117874 0.592595 0.048570
v 0.132549 0.666368 0.085485
v 0.146153 0.734761 0.131855
v 0.158454 0.796604 0.186886
v 0.169242 0.850839 0.249637
v 0.178332 0.896537 0.319034
v 0.185569 0.932918 0.393890
v 0.190828 0.959358 0.472924
v 0.194020 0.975406 0.554783
v 0.925312 0.794316 2.694293
v 1.087954 0.550905 2.694293
v 0.897154 0.599459 2.569504
v 1.011598 0.675928 2.694293
v 0.993011 0.663509 2.613125
v 1.019109 0.589376 2.596819
v 0.934508 0.715989 2.596819
v 1.087954 0.550905 2.774044
v 0.925312 0.794316 2.774044
v 0.897154 0.599459 2.898832
v 1.011598 0.675928 2.774044
v 0.993011 0.663509 2.855211
v 0.934508 0.715989 2.871517
v 1.019109 0.589376 2.871517
v -0.328070 -1.174526 2.694293
v -0.598534 -1.062496 2.694293
v -0.412915 -0.996864 2.569504
v -0.465588 -1.124028 2.694293
v -0.457033 -1.103375 2.613125
v -0.519918 -1.056235 2.596819
v -0.379233 -1.114508 2.596819
v -0.598534 -1.062496 2.774044
v -0.328070 -1.174526 2.774044
v -0.412915 -0.996864 2.898832
v -0.465588 -1.124028 2.774044
v -0.457033 -1.103375 2.855211
v -0.379233 -1.114508 2.871517
v -0.519918 -1.056235 2.871517
v -0.379751 1.158849 2.694293
v -0.092628 1.215961 2.694293
v -0.210502 1.058265 2.569504
v -0.237354 1.193262 2.694293
v -0.232993 1.171336 2.613125
v -0.154516 1.167078 2.596819
v -0.303867 1.137370 2.596819
v -0.092628 1.215961 2.774044
v -0.379751 1.158849 2.774044
v -0.210502 1.058265 2.898832
v -0.237355 1.193262 2.774044
v -0.232993 1.171336 2.855211
v -0.303867 1.137370 2.871517
v -0.154516 1.167078 2.871517
v 0.752569 0.959573 2.694293
v 0.959573 0.752569 2.694293
v 0.762967 0.762967 2.569504
v 0.860294 0.860294 2.694293
v 0.844486 0.844486 2.613125
v 0.884545 0.776869 2.596819
v 0.776869 0.884545 2.596819
v 0.959573 0.752569 2.774044
v 0.752569 0.959573 2.774044
v 0.762967 0.762967 2.898832
v 0.860294 0.860294 2.774044
v 0.844487 0.844486 2.855211
v 0.776869 0.884545 2.871517
v 0.884545 0.776869 2.871517
v -0.092628 -1.215961 2.694293
v -0.379751 -1.158849 2.694293
v -0.210502 -1.058265 2.569504
v -0.237355 -1.193262 2.694293
v -0.232993 -1.171337 2.613125
v -0.303867 -1.137370 2.596819
v -0.154516 -1.167078 2.596819
v -0.379751 -1.158849 2.774044
v -0.092628 -1.215961 2.774044
v -0.210502 -1.058265 2.898832
v -0.237354 -1.193262 2.774044
v -0.232993 -1.171337 2.855211
v -0.154516 -1.167078 2.871517
v -0.303867 -1.137370 2.871517
v -0.598534 1.062496 2.694293
v -0.328070 1.174526 2.694293
v -0.412915 0.996864 2.569504
v -0.465588 1.124028 2.694293
v -0.457033 1.103375 2.613125
v -0.379233 1.114508 2.596819
v -0.519918 1.056234 2.596819
v -0.328070 1.174526 2.774044
v -0.598534 1.062496 2.774044
v -0.412915 0.996864 2.898832
v -0.465588 1.124028 2.774044
v -0.457033 1.103374 2.855211
v -0.519918 1.056234 2.871517
v -0.379233 1.114508 2.871517
v 0.550905 1.087954 2.694293
v 0.794316 0.925312 2.694293
v 0.599459 0.897154 2.569504
v 0.675929 1.011598 2.694293
v 0.663509 0.993011 2.613125
v 0.715989 0.934508 2.596819
v 0.589376 1.019108 2.596819
v 0.794316 0.925312 2.774044
v 0.550905 1.087954 2.774044
v 0.599459 0.897154 2.898832
v 0.675929 1.011598 2.774044
v 0.663509 0.993011 2.855211
v 0.589376 1.019108 2.871517
v 0.715989 0.934508 2.871517
v 0.146374 -1.210668 2.694293
v -0.146374 -1.210668 2.694293
v -0.000000 -1.078998 2.569504
v 0.000000 -1.216639 2.694293
v -0.000000 -1.194284 2.613125
v -0.076138 -1.174798 2.596819
v 0.076138 -1.174798 2.596819
v -0.146374 -1.210668 2.774044
v 0.146374 -1.210668 2.774044
v -0.000000 -1.078998 2.898832
v 0.000000 -1.216639 2.774044
v 0.000000 -1.194284 2.855211
v 0.076138 -1.174798 2.871517
v -0.076138 -1.174798 2.871517
v -0.794316 0.925312 2.694293
v -0.550905 1.087954 2.694293
v -0.599459 0.897154 2.569504
v -0.675929 1.011598 2.694293
v -0.663509 0.993011 2.613125
v -0.589376 1.019108 2.596819
v -0.715989 0.934508 2.596819
v -0.550905 1.087954 2.774044
v -0.794316 0.925312 2.774044
v -0.599459 0.897154 2.898832
v -0.675929 1.011598 2.774044
v -0.663509 0.993011 2.855211
v -0.715989 0.934508 2.871517
v -0.589376 1.019108 2.871517
v 0.328070 1.174526 2.694293
v 0.598534 1.062496 2.694293
v 0.412915 0.996864 2.569504
v 0.465588 1.124028 2.694293
v 0.457033 1.103374 2.613125
v 0.519918 1.056234 2.596819
v 0.379233 1.114508 2.596819
v 0.598534 1.062496 2.774044
v 0.328070 1.174526 2.774044
v 0.412915 0.996864 2.898832
v 0.465588 1.124028 2.774044
v 0.457033 1.103375 2.855211
v 0.379233 1.114508 2.871517
v 0.519918 1.056234 2.871517
v 0.379751 -1.158849 2.694293
v 0.092628 -1.215961 2.694293
v 0.210502 -1.058265 2.569504
v 0.237354 -1.193262 2.694293
v 0.232993 -1.171337 2.613125
v 0.154516 -1.167078 2.596819
v 0.303867 -1.137370 2.596819
v 0.092628 -1.215961 2.774044
v 0.379751 -1.158849 2.774044
v 0.210502 -1.058265 2.898832
v 0.237355 -1.193262 2.774044
v 0.232993 -1.171337 2.855211
v 0.303867 -1.137370 2.871517
v 0.154516 -1.167078 2.871517
v -0.959573 0.752569 2.694293
v -0.752569 0.959573 2.694293
v -0.762967 0.762967 2.569504
v -0.860294 0.860294 2.694293
v -0.844487 0.844486 2.613125
v -0.776869 0.884545 2.596819
v -0.884545 0.776869 2.596819
v -0.752569 0.959573 2.774044
v -0.959573 0.752569 2.774044
v -0.762967 0.762967 2.898832
v -0.860294 0.860294 2.774044
v -0.844486 0.844486 2.855211
v -0.884545 0.776869 2.871517
v -0.776869 0.884545 2.871517
v 0.092628 1.215961 2.694293
v 0.379751 1.158849 2.694293
v 0.210502 1.058265 2.569504
v 0.237355 1.193262 2.694293
v 0.232993 1.171336 2.613125
v 0.303867 1.137370 2.596819
v 0.154516 1.167078 2.596819
v 0.379751 1.158849 2.774044
v 0.092628 1.215961 2.774044
v 0.210502 1.058265 2.898832
v 0.237354 1.193262 2.774044
v 0.232993 1.171336 2.855211
v 0.154516 1.167078 2.871517
v 0.303867 1.137370 2.871517
v 0.598534 -1.062496 2.694293
v 0.328070 -1.174526 2.694293
v 0.412915 -0.996864 2.569504
v 0.465588 -1.124028 2.694293
v 0.457033 -1.103375 2.613125
v 0.379233 -1.114508 2.596819
v 0.519918 -1.056235 2.596819
v 0.328070 -1.174526 2.774044
v 0.598534 -1.062496 2.774044
v 0.412915 -0.996864 2.898832
v 0.465588 -1.124028 2.774044
v 0.457033 -1.103375 2.855211
v 0.519918 -1.056235 2.871517
v 0.379233 -1.114508 2.871517
v -1.087954 0.550905 2.694293
v -0.925312 0.794316 2.694293
v -0.897154 0.599459 2.569504
v -1.011598 0.675928 2.694293
v -0.993011 0.663509 2.613125
v -0.934508 0.715989 2.596819
v -1.019109 0.589376 2.596819
v -0.925312 0.794316 2.774044
v -1.087954 0.550905 2.774044
v -0.897154 0.599459 2.898832
v -1.011598 0.675928 2.774044
v -0.993011 0.663509 2.855211
v -1.019109 0.589376 2.871517
v -0.934508 0.715989 2.871517
v 0.794316 -0.925312 2.694293
v 0.550905 -1.087954 2.694293
v 0.599459 -0.897154 2.569504
v 0.675929 -1.011599 2.694293
v 0.663509 -0.993011 2.613125
v 0.589376 -1.019109 2.596819
v 0.715989 -0.934508 2.596819
v 0.550905 -1.087954 2.774044
v 0.794316 -0.925312 2.774044
v 0.599459 -0.897154 2.898832
v 0.675929 -1.011599 2.774044
v 0.663509 -0.993011 2.855211
v 0.715989 -0.934508 2.871517
v 0.589376 -1.019109 2.871517
v -1.174526 0.328070 2.694293
v -1.062496 0.598534 2.694293
v -0.996864 0.412914 2.569504
v -1.124028 0.465588 2.694293
v -1.103375 0.457033 2.613125
v -1.056234 0.519918 2.596819
v -1.114508 0.379233 2.596819
v -1.062496 0.598534 2.774044
v -1.174526 0.328070 2.774044
v -0.996864 0.412914 2.898832
v -1.124028 0.465588 2.774044
v -1.103375 0.457033 2.855211
v -1.114508 0.379233 2.871517
v -1.056234 0.519918 2.871517
v 0.959573 -0.752569 2.694293
v 0.752569 -0.959573 2.694293
v 0.762967 -0.762967 2.569504
v 0.860294 -0.860294 2.694293
v 0.844487 -0.844487 2.613125
v 0.776869 -0.884545 2.596819
v 0.884545 -0.776869 2.596819
v 0.752569 -0.959573 2.774044
v 0.959573 -0.752569 2.774044
v 0.762967 -0.762967 2.898832
v 0.860294 -0.860294 2.774044
v 0.844486 -0.844487 2.855211
v 0.884545 -0.776869 2.871517
v 0.776869 -0.884545 2.871517
v -1.215961 0.092628 2.694293
v -1.158849 0.379751 2.694293
v -1.058265 0.210502 2.569504
v -1.193262 0.237354 2.694293
v -1.171336 0.232993 2.613125
v -1.137370 0.303867 2.596819
v -1.167078 0.154516 2.596819
v -1.158849 0.379751 2.774044
v -1.215961 0.092628 2.774044
v -1.058265 0.210502 2.898832
v -1.193262 0.237354 2.774044
v -1.171337 0.232993 2.855211
v -1.167078 0.154516 2.871517
v -1.137370 0.303867 2.871517
v 1.087954 -0.550905 2.694293
v 0.925312 -0.794317 2.694293
v 0.897154 -0.599459 2.569504
v 1.011598 -0.675929 2.694293
v 0.993011 -0.663509 2.613125
v 0.934508 -0.715989 2.596819
v 1.019109 -0.589376 2.596819
v 0.925312 -0.794317 2.774044
v 1.087954 -0.550905 2.774044
v 0.897154 -0.599459 2.898832
v 1.011598 -0.675929 2.774044
v 0.993011 -0.663509 2.855211
v 1.019109 -0.589376 2.871517
v 0.934508 -0.715989 2.871517
v -1.210667 -0.146374 2.694293
v -1.210667 0.146374 2.694293
v -1.078998 -0.000000 2.569504
v -1.216639 -0.000000 2.694293
v -1.194284 -0.000000 2.613125
v -1.174797 0.076138 2.596819
v -1.174797 -0.076138 2.596819
v -1.210667 0.146374 2.774044
v -1.210667 -0.146374 2.774044
v -1.078998 -0.000000 2.898832
v -1.216639 -0.000000 2.774044
v -1.194284 -0.000000 2.855211
v -1.174797 -0.076138 2.871517
v -1.174797 0.076138 2.871517
v 1.174526 -0.328071 2.694293
v 1.062496 -0.598535 2.694293
v 0.996864 -0.412915 2.569504
v 1.124028 -0.465588 2.694293
v 1.103375 -0.457033 2.613125
v 1.056234 -0.519918 2.596819
v 1.114508 -0.379233 2.596819
v 1.062496 -0.598535 2.774044
v 1.174526 -0.328071 2.774044
v 0.996864 -0.412915 2.898832
v 1.124028 -0.465588 2.774044
v 1.103375 -0.457033 2.855211
v 1.114508 -0.379233 2.871517
v 1.056234 -0.519918 2.871517
v -1.158849 -0.379751 2.694293
v -1.215961 -0.092628 2.694293
v -1.058265 -0.210502 2.569504
v -1.193262 -0.237355 2.694293
v -1.171337 -0.232993 2.613125
v -1.167078 -0.154516 2.596819
v -1.137370 -0.303867 2.596819
v -1.215961 -0.092628 2.774044
v -1.158849 -0.379751 2.774044
v -1.058265 -0.210502 2.898832
v -1.193262 -0.237355 2.774044
v -1.171336 -0.232993 2.855211
v -1.137370 -0.303867 2.871517
v -1.167078 -0.154516 2.871517
v 1.215961 -0.092628 2.694293
v 1.158849 -0.379751 2.694293
v 1.058265 -0.210502 2.569504
v 1.193262 -0.237355 2.694293
v 1.171336 -0.232993 2.613125
v 1.137370 -0.303867 2.596819
v 1.167078 -0.154516 2.596819
v 1.158849 -0.379751 2.774044
v 1.215961 -0.092628 2.774044
v 1.058265 -0.210502 2.898832
v 1.193262 -0.237355 2.774044
v 1.171337 -0.232993 2.855211
v 1.167078 -0.154516 2.871517
v 1.137370 -0.303867 2.871517
v -1.062496 -0.598535 2.694293
v -1.174526 -0.328071 2.694293
v -0.996864 -0.412915 2.569504
v -1.124028 -0.465588 2.694293
v -1.103375 -0.457033 2.613125
v -1.114508 -0.379233 2.596819
v -1.056234 -0.519918 2.596819
v -1.174526 -0.328071 2.774044
v -1.062496 -0.598535 2.774044
v -0.996864 -0.412915 2.898832
v -1.124028 -0.465588 2.774044
v -1.103375 -0.457033 2.855211
v -1.056234 -0.519918 2.871517
v -1.114508 -0.379233 2.871517
v 1.210667 0.146374 2.694293
v 1.210667 -0.146374 2.694293
v 1.078998 -0.000000 2.569504
v 1.216639 -0.000000 2.694293
v 1.194284 -0.000000 2.613125
v 1.174797 -0.076138 2.596819
v 1.174797 0.076138 2.596819
v 1.210667 -0.146374 2.774044
v 1.210667 0.146374 2.774044
v 1.078998 -0.000000 2.898832
v 1.216639 -0.000000 2.774044
v 1.194284 -0.000000 2.855211
v 1.174797 0.076138 2.871517
v 1.174797 -0.076138 2.871517
v -0.925312 -0.794317 2.694293
v -1.087954 -0.550905 2.694293
v -0.897154 -0.599459 2.569504
v -1.011598 -0.675929 2.694293
v -0.993011 -0.663509 2.613125
v -1.019109 -0.589376 2.596819
v -0.934508 -0.715989 2.596819
v -1.087954 -0.550905 2.774044
v -0.925312 -0.794317 2.774044
v -0.897154 -0.599459 2.898832
v -1.011598 -0.675929 2.774044
v -0.993011 -0.663509 2.855211
v -0.934508 -0.715989 2.871517
v -1.019109 -0.589376 2.871517
v 1.158849 0.379751 2.694293
v 1.215961 0.092628 2.694293
v 1.058265 0.210502 2.569504
v 1.193262 0.237354 2.694293
v 1.171337 0.232993 2.613125
v 1.167078 0.154516 2.596819
v 1.137370 0.303867 2.596819
v 1.215961 0.092628 2.774044
v 1.158849 0.379751 2.774044
v 1.058265 0.210502 2.898832
v 1.193262 0.237354 2.774044
v 1.171336 0.232993 2.855211
v 1.137370 0.303867 2.871517
v 1.167078 0.154516 2.871517
v -0.752569 -0.959573 2.694293
v -0.959573 -0.752569 2.694293
v -0.762967 -0.762967 2.569504
v -0.860294 -0.860294 2.694293
v -0.844486 -0.844487 2.613125
v -0.884545 -0.776869 2.596819
v -0.776869 -0.884545 2.596819
v -0.959573 -0.752569 2.774044
v -0.752569 -0.959573 2.774044
v -0.762967 -0.762967 2.898832
v -0.860294 -0.860294 2.774044
v -0.844487 -0.844487 2.855211
v -0.776869 -0.884545 2.871517
v -0.884545 -0.776869 2.871517
v -0.794316 -0.925312 2.774044
v -0.550905 -1.087954 2.774044
v -0.599459 -0.897154 2.898832
v -0.675929 -1.011599 2.774044
v -0.663509 -0.993011 2.855211
v -0.589376 -1.019109 2.871517
v -0.715989 -0.934508 2.871517
v 1.174526 0.328070 2.774044
v 1.062496 0.598534 2.774044
v 0.996864 0.412914 2.898832
v 1.124028 0.465588 2.774044
v 1.103375 0.457033 2.855211
v 1.056234 0.519918 2.871517
v 1.114508 0.379233 2.871517
v 0.146374 1.210667 2.774044
v -0.146374 1.210667 2.774044
v -0.000000 1.078998 2.898832
v 0.000000 1.216639 2.774044
v -0.000000 1.194284 2.855211
v -0.076138 1.174797 2.871517
v 0.076138 1.174797 2.871517
v 1.174526 0.328070 2.694293
v 0.996864 0.412914 2.569504
v 1.062496 0.598534 2.694293
v 1.114508 0.379233 2.596819
v 1.103375 0.457033 2.613125
v 1.056234 0.519918 2.596819
v 1.124028 0.465588 2.694293
v -0.794316 -0.925312 2.694293
v -0.599459 -0.897154 2.569504
v -0.550905 -1.087954 2.694293
v -0.715989 -0.934508 2.596819
v -0.663509 -0.993011 2.613125
v -0.589376 -1.019109 2.596819
v -0.675929 -1.011599 2.694293
v 0.146374 1.210667 2.694293
v -0.000000 1.078998 2.569504
v -0.146374 1.210667 2.694293
v 0.076138 1.174797 2.596819
v 0.000000 1.194284 2.613125
v -0.076138 1.174797 2.596819
v 0.000000 1.216639 2.694293
v -0.000000 0.689797 3.236677
v 0.108879 0.788479 3.345557
v -0.108879 0.788479 3.345557
v 0.023341 0.695826 3.278344
v 0.052230 0.716697 3.313667
v -0.023341 0.695826 3.278344
v -0.000000 0.706891 3.302077
v 0.022896 0.722075 3.321978
v -0.000000 0.731817 3.327110
v 0.058925 0.791767 3.345557
v -0.000000 0.792921 3.345557
v 0.082266 0.749232 3.337269
v 0.040093 0.752858 3.335390
v -0.000000 0.754863 3.336400
v -0.082267 0.749232 3.337269
v -0.052230 0.716697 3.313667
v -0.058925 0.791767 3.345557
v -0.040093 0.752858 3.335390
v -0.022896 0.722075 3.321978
v -0.047037 0.794570 3.345557
v -0.260612 0.752087 3.345557
v -0.134573 0.676542 3.236677
v -0.096673 0.788049 3.345557
v -0.154691 0.777685 3.345557
v -0.065482 0.750885 3.337269
v -0.107553 0.746214 3.335389
v -0.147267 0.740359 3.336399
v -0.142770 0.717755 3.327110
v -0.226854 0.718787 3.337269
v -0.191047 0.692736 3.313667
v -0.212259 0.765057 3.345557
v -0.186198 0.730570 3.335389
v -0.163326 0.703734 3.321978
v -0.112856 0.687009 3.278344
v -0.088595 0.713115 3.313667
v -0.158642 0.677902 3.278344
v -0.137908 0.693308 3.302077
v -0.118413 0.712668 3.321978
v -0.201147 0.770126 3.345557
v -0.402329 0.686793 3.345557
v -0.263974 0.637289 3.236677
v -0.248556 0.754047 3.345557
v -0.303438 0.732563 3.345557
v -0.210715 0.723682 3.337269
v -0.251065 0.710893 3.335389
v -0.288874 0.697403 3.336399
v -0.280054 0.676111 3.327110
v -0.362723 0.660718 3.337269
v -0.322522 0.642154 3.313667
v -0.357436 0.708947 3.345557
v -0.325148 0.680207 3.335389
v -0.297480 0.658348 3.321978
v -0.244716 0.651791 3.278344
v -0.226014 0.682129 3.313667
v -0.287846 0.633927 3.278344
v -0.270516 0.653082 3.302077
v -0.255173 0.675873 3.321978
v -0.347526 0.716086 3.345557
v -0.528585 0.595106 3.345557
v -0.383231 0.573545 3.236677
v -0.390888 0.691067 3.345557
v -0.440523 0.659290 3.345557
v -0.347849 0.668669 3.337269
v -0.384929 0.648253 3.335389
v -0.419380 0.627646 3.336399
v -0.406576 0.608484 3.327110
v -0.484653 0.577259 3.337269
v -0.441603 0.566894 3.313667
v -0.488876 0.625593 3.345557
v -0.451602 0.603704 3.335389
v -0.420201 0.587663 3.321978
v -0.367172 0.591526 3.278344
v -0.354748 0.624929 3.313667
v -0.405988 0.565590 3.278344
v -0.392728 0.587758 3.302077
v -0.382126 0.613104 3.321978
v -0.480550 0.634528 3.345557
v -0.634528 0.480549 3.345557
v -0.487760 0.487760 3.236677
v -0.518197 0.601530 3.345557
v -0.560680 0.560680 3.345557
v -0.471616 0.587958 3.337269
v -0.504001 0.560701 3.335389
v -0.533769 0.533769 3.336399
v -0.517473 0.517473 3.327110
v -0.587959 0.471616 3.337269
v -0.543713 0.469849 3.313667
v -0.601530 0.518197 3.345557
v -0.560701 0.504001 3.335389
v -0.526775 0.494394 3.321978
v -0.475518 0.508528 3.278344
v -0.469849 0.543713 3.313667
v -0.508528 0.475518 3.278344
v -0.499848 0.499847 3.302077
v -0.494394 0.526774 3.321978
v -0.595106 0.528585 3.345557
v -0.716087 0.347526 3.345557
v -0.573545 0.383230 3.236677
v -0.625593 0.488876 3.345557
v -0.659290 0.440523 3.345557
v -0.577259 0.484653 3.337269
v -0.603704 0.451602 3.335389
v -0.627646 0.419380 3.336399
v -0.608484 0.406576 3.327110
v -0.668669 0.347849 3.337269
v -0.624929 0.354748 3.313667
v -0.691067 0.390887 3.345557
v -0.648253 0.384929 3.335389
v -0.613104 0.382126 3.321978
v -0.565590 0.405988 3.278344
v -0.566894 0.441603 3.313667
v -0.591526 0.367172 3.278344
v -0.587759 0.392728 3.302077
v -0.587663 0.420201 3.321978
v -0.686793 0.402329 3.345557
v -0.770126 0.201146 3.345557
v -0.637289 0.263974 3.236677
v -0.708947 0.357435 3.345557
v -0.732564 0.303438 3.345557
v -0.660718 0.362723 3.337269
v -0.680207 0.325147 3.335389
v -0.697403 0.288874 3.336399
v -0.676111 0.280054 3.327110
v -0.723682 0.210714 3.337269
v -0.682129 0.226014 3.313667
v -0.754047 0.248556 3.345557
v -0.710893 0.251065 3.335389
v -0.675873 0.255173 3.321978
v -0.633927 0.287846 3.278344
v -0.642154 0.322522 3.313667
v -0.651791 0.244716 3.278344
v -0.653082 0.270516 3.302077
v -0.658349 0.297480 3.321978
v -0.752087 0.260612 3.345557
v -0.794570 0.047037 3.345557
v -0.676542 0.134573 3.236677
v -0.765057 0.212259 3.345557
v -0.777685 0.154691 3.345557
v -0.718787 0.226854 3.337269
v -0.730570 0.186198 3.335389
v -0.740359 0.147266 3.336399
v -0.717756 0.142770 3.327110
v -0.750885 0.065482 3.337269
v -0.713115 0.088594 3.313667
v -0.788049 0.096673 3.345557
v -0.746214 0.107553 3.335389
v -0.712668 0.118413 3.321978
v -0.677902 0.158642 3.278344
v -0.692736 0.191046 3.313667
v -0.687009 0.112856 3.278344
v -0.693309 0.137908 3.302077
v -0.703734 0.163326 3.321978
v -0.788479 0.108879 3.345557
v -0.788479 -0.108880 3.345557
v -0.689797 -0.000000 3.236677
v -0.791767 0.058925 3.345557
v -0.792921 -0.000000 3.345557
v -0.749232 0.082266 3.337269
v -0.752858 0.040093 3.335389
v -0.754863 -0.000000 3.336399
v -0.731817 -0.000000 3.327110
v -0.749232 -0.082267 3.337269
v -0.716697 -0.052230 3.313667
v -0.791767 -0.058925 3.345557
v -0.752858 -0.040093 3.335389
v -0.722075 -0.022897 3.321978
v -0.695826 0.023341 3.278344
v -0.716697 0.052229 3.313667
v -0.695826 -0.023342 3.278344
v -0.706891 -0.000000 3.302077
v -0.722075 0.022896 3.321978
v -0.794570 -0.047038 3.345557
v -0.752087 -0.260612 3.345557
v -0.676542 -0.134573 3.236677
v -0.788049 -0.096673 3.345557
v -0.777685 -0.154691 3.345557
v -0.750885 -0.065482 3.337269
v -0.746214 -0.107553 3.335389
v -0.740359 -0.147267 3.336399
v -0.717756 -0.142771 3.327110
v -0.718787 -0.226854 3.337269
v -0.692736 -0.191047 3.313667
v -0.765057 -0.212259 3.345557
v -0.730570 -0.186198 3.335389
v -0.703734 -0.163327 3.321978
v -0.687009 -0.112856 3.278344
v -0.713115 -0.088595 3.313667
v -0.677902 -0.158642 3.278344
v -0.693309 -0.137908 3.302077
v -0.712668 -0.118414 3.321978
v -0.770126 -0.201147 3.345557
v -0.686793 -0.402330 3.345557
v -0.637289 -0.263974 3.236677
v -0.754047 -0.248556 3.345557
v -0.732563 -0.303438 3.345557
v -0.723682 -0.210715 3.337269
v -0.710893 -0.251065 3.335389
v -0.697403 -0.288874 3.336399
v -0.676111 -0.280055 3.327110
v -0.660718 -0.362723 3.337269
v -0.642154 -0.322522 3.313667
v -0.708947 -0.357436 3.345557
v -0.680207 -0.325148 3.335389
v -0.658349 -0.297480 3.321978
v -0.651791 -0.244717 3.278344
v -0.682129 -0.226014 3.313667
v -0.633927 -0.287846 3.278344
v -0.653082 -0.270516 3.302077
v -0.675873 -0.255173 3.321978
v -0.716087 -0.347526 3.345557
v -0.595106 -0.528586 3.345557
v -0.573545 -0.383231 3.236677
v -0.691067 -0.390888 3.345557
v -0.659290 -0.440524 3.345557
v -0.668669 -0.347849 3.337269
v -0.648253 -0.384930 3.335389
v -0.627646 -0.419380 3.336399
v -0.608484 -0.406576 3.327110
v -0.577259 -0.484653 3.337269
v -0.566894 -0.441603 3.313667
v -0.625593 -0.488877 3.345557
v -0.603704 -0.451602 3.335389
v -0.587663 -0.420201 3.321978
v -0.591526 -0.367173 3.278344
v -0.624929 -0.354748 3.313667
v -0.565590 -0.405988 3.278344
v -0.587759 -0.392728 3.302077
v -0.613104 -0.382126 3.321978
v -0.634528 -0.480550 3.345557
v -0.480550 -0.634528 3.345557
v -0.487760 -0.487760 3.236677
v -0.601530 -0.518197 3.345557
v -0.560680 -0.560680 3.345557
v -0.587959 -0.471616 3.337269
v -0.560701 -0.504001 3.335389
v -0.533769 -0.533769 3.336399
v -0.517473 -0.517473 3.327110
v -0.471616 -0.587959 3.337269
v -0.469849 -0.543713 3.313667
v -0.518197 -0.601530 3.345557
v -0.504001 -0.560701 3.335389
v -0.494394 -0.526775 3.321978
v -0.508528 -0.475518 3.278344
v -0.543713 -0.469849 3.313667
v -0.475518 -0.508528 3.278344
v -0.499848 -0.499848 3.302077
v -0.526775 -0.494394 3.321978
v -0.528585 -0.595106 3.345557
v -0.347526 -0.716087 3.345557
v -0.383231 -0.573545 3.236677
v -0.488876 -0.625593 3.345557
v -0.440523 -0.659290 3.345557
v -0.484653 -0.577259 3.337269
v -0.451602 -0.603704 3.335389
v -0.419380 -0.627646 3.336399
v -0.406576 -0.608484 3.327110
v -0.347849 -0.668669 3.337269
v -0.354748 -0.624929 3.313667
v -0.390888 -0.691067 3.345557
v -0.384929 -0.648253 3.335389
v -0.382126 -0.613104 3.321978
v -0.405988 -0.565590 3.278344
v -0.441603 -0.566895 3.313667
v -0.367172 -0.591526 3.278344
v -0.392728 -0.587759 3.302077
v -0.420201 -0.587663 3.321978
v -0.402329 -0.686793 3.345557
v -0.201147 -0.770126 3.345557
v -0.263974 -0.637289 3.236677
v -0.357436 -0.708947 3.345557
v -0.303438 -0.732564 3.345557
v -0.362723 -0.660718 3.337269
v -0.325148 -0.680207 3.335389
v -0.288874 -0.697403 3.336399
v -0.280054 -0.676111 3.327110
v -0.210715 -0.723683 3.337269
v -0.226014 -0.682129 3.313667
v -0.248556 -0.754047 3.345557
v -0.251065 -0.710893 3.335389
v -0.255173 -0.675873 3.321978
v -0.287846 -0.633927 3.278344
v -0.322522 -0.642154 3.313667
v -0.244716 -0.651792 3.278344
v -0.270516 -0.653082 3.302077
v -0.297480 -0.658349 3.321978
v -0.260612 -0.752088 3.345557
v -0.047037 -0.794570 3.345557
v -0.134573 -0.676543 3.236677
v -0.212259 -0.765058 3.345557
v -0.154691 -0.777686 3.345557
v -0.226854 -0.718787 3.337269
v -0.186198 -0.730571 3.335389
v -0.147267 -0.740359 3.336399
v -0.142770 -0.717756 3.327110
v -0.065482 -0.750886 3.337269
v -0.088595 -0.713115 3.313667
v -0.096673 -0.788049 3.345557
v -0.107553 -0.746214 3.335389
v -0.118413 -0.712668 3.321978
v -0.158642 -0.677902 3.278344
v -0.191047 -0.692736 3.313667
v -0.112856 -0.687009 3.278344
v -0.137908 -0.693309 3.302077
v -0.163326 -0.703734 3.321978
v -0.108879 -0.788479 3.345557
v 0.108879 -0.788479 3.345557
v -0.000000 -0.689797 3.236677
v -0.058925 -0.791767 3.345557
v 0.000000 -0.792921 3.345557
v -0.082266 -0.749232 3.337269
v -0.040093 -0.752858 3.335389
v 0.000000 -0.754864 3.336399
v -0.000000 -0.731817 3.327110
v 0.082267 -0.749232 3.337269
v 0.052230 -0.716697 3.313667
v 0.058925 -0.791767 3.345557
v 0.040093 -0.752858 3.335389
v 0.022896 -0.722076 3.321978
v -0.023341 -0.695826 3.278344
v -0.052230 -0.716697 3.313667
v 0.023341 -0.695826 3.278344
v -0.000000 -0.706891 3.302077
v -0.022896 -0.722076 3.321978
v 0.047037 -0.794570 3.345557
v 0.260612 -0.752088 3.345557
v 0.134573 -0.676543 3.236677
v 0.096673 -0.788049 3.345557
v 0.154691 -0.777686 3.345557
v 0.065482 -0.750886 3.337269
v 0.107553 -0.746214 3.335389
v 0.147267 -0.740359 3.336399
v 0.142770 -0.717756 3.327110
v 0.226854 -0.718787 3.337269
v 0.191047 -0.692736 3.313667
v 0.212259 -0.765058 3.345557
v 0.186198 -0.730571 3.335389
v 0.163326 -0.703734 3.321978
v 0.112856 -0.687009 3.278344
v 0.088595 -0.713115 3.313667
v 0.158642 -0.677902 3.278344
v 0.137908 -0.693309 3.302077
v 0.118413 -0.712668 3.321978
v 0.201147 -0.770126 3.345557
v 0.402329 -0.686793 3.345557
v 0.263974 -0.637289 3.236677
v 0.248556 -0.754047 3.345557
v 0.303438 -0.732564 3.345557
v 0.210715 -0.723683 3.337269
v 0.251065 -0.710893 3.335389
v 0.288874 -0.697403 3.336399
v 0.280054 -0.676111 3.327110
v 0.362723 -0.660718 3.337269
v 0.322522 -0.642154 3.313667
v 0.357436 -0.708947 3.345557
v 0.325148 -0.680207 3.335389
v 0.297480 -0.658349 3.321978
v 0.244716 -0.651792 3.278344
v 0.226014 -0.682129 3.313667
v 0.287846 -0.633927 3.278344
v 0.270516 -0.653082 3.302077
v 0.255173 -0.675873 3.321978
v 0.347526 -0.716087 3.345557
v 0.528585 -0.595106 3.345557
v 0.383230 -0.573545 3.236677
v 0.390888 -0.691067 3.345557
v 0.440523 -0.659290 3.345557
v 0.347849 -0.668669 3.337269
v 0.384929 -0.648253 3.335389
v 0.419380 -0.627646 3.336399
v 0.406576 -0.608484 3.327110
v 0.484653 -0.577259 3.337269
v 0.441603 -0.566895 3.313667
v 0.488876 -0.625593 3.345557
v 0.451602 -0.603704 3.335389
v 0.420201 -0.587663 3.321978
v 0.367172 -0.591526 3.278344
v 0.354748 -0.624929 3.313667
v 0.405988 -0.565590 3.278344
v 0.392728 -0.587759 3.302077
v 0.382126 -0.613104 3.321978
v 0.480550 -0.634528 3.345557
v 0.634528 -0.480550 3.345557
v 0.487760 -0.487760 3.236677
v 0.518197 -0.601530 3.345557
v 0.560680 -0.560680 3.345557
v 0.471616 -0.587959 3.337269
v 0.504001 -0.560701 3.335389
v 0.533769 -0.533769 3.336399
v 0.517473 -0.517473 3.327110
v 0.587958 -0.471616 3.337269
v 0.543713 -0.469849 3.313667
v 0.601530 -0.518197 3.345557
v 0.560701 -0.504001 3.335389
v 0.526775 -0.494394 3.321978
v 0.475518 -0.508528 3.278344
v 0.469849 -0.543713 3.313667
v 0.508528 -0.475518 3.278344
v 0.499848 -0.499848 3.302077
v 0.494394 -0.526775 3.321978
v 0.595106 -0.528586 3.345557
v 0.716087 -0.347526 3.345557
v 0.573545 -0.383231 3.236677
v 0.625593 -0.488877 3.345557
v 0.659290 -0.440523 3.345557
v 0.577259 -0.484653 3.337269
v 0.603704 -0.451602 3.335389
v 0.627646 -0.419380 3.336399
v 0.608484 -0.406576 3.327110
v 0.668669 -0.347849 3.337269
v 0.624929 -0.354748 3.313667
v 0.691067 -0.390888 3.345557
v 0.648253 -0.384930 3.335389
v 0.613104 -0.382126 3.321978
v 0.565590 -0.405988 3.278344
v 0.566894 -0.441603 3.313667
v 0.591526 -0.367173 3.278344
v 0.587759 -0.392728 3.302077
v 0.587663 -0.420201 3.321978
v 0.686793 -0.402330 3.345557
v 0.770126 -0.201147 3.345557
v 0.637289 -0.263974 3.236677
v 0.708947 -0.357436 3.345557
v 0.732564 -0.303438 3.345557
v 0.660718 -0.362723 3.337269
v 0.680207 -0.325148 3.335389
v 0.697403 -0.288874 3.336399
v 0.676111 -0.280055 3.327110
v 0.723682 -0.210715 3.337269
v 0.682129 -0.226014 3.313667
v 0.754047 -0.248556 3.345557
v 0.710893 -0.251065 3.335389
v 0.675873 -0.255173 3.321978
v 0.633927 -0.287846 3.278344
v 0.642154 -0.322522 3.313667
v 0.651791 -0.244717 3.278344
v 0.653082 -0.270516 3.302077
v 0.658349 -0.297480 3.321978
v 0.752087 -0.260612 3.345557
v 0.794570 -0.047038 3.345557
v 0.676542 -0.134573 3.236677
v 0.765057 -0.212259 3.345557
v 0.777685 -0.154691 3.345557
v 0.718787 -0.226854 3.337269
v 0.730570 -0.186198 3.335389
v 0.740359 -0.147267 3.336399
v 0.717756 -0.142771 3.327110
v 0.750885 -0.065482 3.337269
v 0.713115 -0.088595 3.313667
v 0.788049 -0.096673 3.345557
v 0.746214 -0.107553 3.335389
v 0.712668 -0.118414 3.321978
v 0.677902 -0.158642 3.278344
v 0.692736 -0.191047 3.313667
v 0.687009 -0.112856 3.278344
v 0.693309 -0.137908 3.302077
v 0.703734 -0.163327 3.321978
v 0.788479 -0.108880 3.345557
v 0.788479 0.108879 3.345557
v 0.689797 -0.000000 3.236677
v 0.791767 -0.058925 3.345557
v 0.792921 -0.000000 3.345557
v 0.749232 -0.082267 3.337269
v 0.752858 -0.040093 3.335389
v 0.754863 -0.000000 3.336399
v 0.731817 -0.000000 3.327110
v 0.749232 0.082266 3.337269
v 0.716697 0.052229 3.313667
v 0.791767 0.058925 3.345557
v 0.752858 0.040093 3.335389
v 0.722075 0.022896 3.321978
v 0.695826 -0.023342 3.278344
v 0.716697 -0.052230 3.313667
v 0.695826 0.023341 3.278344
v 0.706891 -0.000000 3.302077
v 0.722075 -0.022897 3.321978
v 0.794570 0.047037 3.345557
v 0.752087 0.260612 3.345557
v 0.676542 0.134573 3.236677
v 0.788049 0.096673 3.345557
v 0.777685 0.154691 3.345557
v 0.750885 0.065482 3.337269
v 0.746214 0.107553 3.335389
v 0.740359 0.147266 3.336399
v 0.717756 0.142770 3.327110
v 0.718787 0.226854 3.337269
v 0.692736 0.191046 3.313667
v 0.765057 0.212259 3.345557
v 0.730570 0.186198 3.335389
v 0.703734 0.163326 3.321978
v 0.687009 0.112856 3.278344
v 0.713115 0.088594 3.313667
v 0.677902 0.158642 3.278344
v 0.693309 0.137908 3.302077
v 0.712668 0.118413 3.321978
v 0.770126 0.201146 3.345557
v 0.686793 0.402329 3.345557
v 0.637289 0.263974 3.236677
v 0.754047 0.248556 3.345557
v 0.732563 0.303438 3.345557
v 0.723682 0.210714 3.337269
v 0.710893 0.251065 3.335389
v 0.697403 0.288874 3.336399
v 0.676111 0.280054 3.327110
v 0.660718 0.362723 3.337269
v 0.642154 0.322522 3.313667
v 0.708947 0.357436 3.345557
v 0.680207 0.325147 3.335389
v 0.658349 0.297480 3.321978
v 0.651791 0.244716 3.278344
v 0.682129 0.226014 3.313667
v 0.633927 0.287846 3.278344
v 0.653082 0.270515 3.302077
v 0.675873 0.255173 3.321978
v 0.716087 0.347526 3.345557
v 0.595106 0.528585 3.345557
v 0.573545 0.383230 3.236677
v 0.691067 0.390887 3.345557
v 0.659290 0.440523 3.345557
v 0.668669 0.347849 3.337269
v 0.648253 0.384929 3.335389
v 0.627646 0.419380 3.336399
v 0.608484 0.406576 3.327110
v 0.577259 0.484653 3.337269
v 0.566894 0.441603 3.313667
v 0.625593 0.488876 3.345557
v 0.603704 0.451602 3.335389
v 0.587663 0.420201 3.321978
v 0.591526 0.367172 3.278344
v 0.624929 0.354748 3.313667
v 0.565590 0.405988 3.278344
v 0.587759 0.392728 3.302077
v 0.613104 0.382126 3.321978
v 0.634528 0.480549 3.345557
v 0.480550 0.634528 3.345557
v 0.487760 0.487760 3.236677
v 0.601530 0.518197 3.345557
v 0.560680 0.560680 3.345557
v 0.587958 0.471616 3.337269
v 0.560701 0.504001 3.335389
v 0.533769 0.533769 3.336399
v 0.517473 0.517473 3.327110
v 0.471616 0.587958 3.337269
v 0.469849 0.543713 3.313667
v 0.518197 0.601530 3.345557
v 0.504001 0.560701 3.335389
v 0.494394 0.526775 3.321978
v 0.508528 0.475518 3.278344
v 0.543713 0.469849 3.313667
v 0.475518 0.508528 3.278344
v 0.499848 0.499847 3.302077
v 0.526775 0.494394 3.321978
v 0.528585 0.595106 3.345557
v 0.347526 0.716086 3.345557
v 0.383230 0.573545 3.236677
v 0.488876 0.625593 3.345557
v 0.440523 0.659290 3.345557
v 0.484653 0.577259 3.337269
v 0.451602 0.603704 3.335389
v 0.419380 0.627646 3.336399
v 0.406576 0.608484 3.327110
v 0.347849 0.668669 3.337269
v 0.354748 0.624929 3.313667
v 0.390888 0.691067 3.345557
v 0.384929 0.648253 3.335389
v 0.382126 0.613104 3.321978
v 0.405988 0.565590 3.278344
v 0.441603 0.566894 3.313667
v 0.367172 0.591526 3.278344
v 0.392728 0.587758 3.302077
v 0.420201 0.587663 3.321978
v 0.402329 0.686793 3.345557
v 0.201147 0.770126 3.345557
v 0.263974 0.637289 3.236677
v 0.357436 0.708947 3.345557
v 0.303438 0.732563 3.345557
v 0.362723 0.660718 3.337269
v 0.325148 0.680207 3.335389
v 0.288874 0.697403 3.336399
v 0.280054 0.676111 3.327110
v 0.210714 0.723682 3.337269
v 0.226014 0.682129 3.313667
v 0.248556 0.754047 3.345557
v 0.251065 0.710893 3.335389
v 0.255173 0.675873 3.321978
v 0.287846 0.633927 3.278344
v 0.322522 0.642154 3.313667
v 0.244716 0.651791 3.278344
v 0.270516 0.653082 3.302077
v 0.297480 0.658348 3.321978
v 0.260612 0.752087 3.345557
v 0.047037 0.794570 3.345557
v 0.134573 0.676542 3.236677
v 0.212259 0.765057 3.345557
v 0.154691 0.777685 3.345557
v 0.226854 0.718787 3.337269
v 0.186198 0.730570 3.335389
v 0.147267 0.740359 3.336399
v 0.142770 0.717755 3.327110
v 0.065482 0.750885 3.337269
v 0.088595 0.713115 3.313667
v 0.096673 0.788049 3.345557
v 0.107553 0.746214 3.335389
v 0.118413 0.712668 3.321978
v 0.158642 0.677902 3.278344
v 0.191047 0.692736 3.313667
v 0.112856 0.687009 3.278344
v 0.137908 0.693308 3.302077
v 0.163326 0.703734 3.321978
v -0.064867 0.884205 3.345557
v -0.195090 0.980785 3.236677
v -0.278441 0.841722 3.345557
v -0.096376 0.922969 3.337269
v -0.132189 0.954936 3.313667
v -0.114503 0.877684 3.345557
v -0.139669 0.915228 3.335390
v -0.162766 0.945087 3.321978
v -0.185115 0.930634 3.327110
v -0.219056 0.964854 3.278344
v -0.243312 0.932832 3.313667
v -0.166853 0.975238 3.278344
v -0.190396 0.957186 3.302077
v -0.211293 0.935434 3.321978
v -0.230088 0.854692 3.345557
v -0.172521 0.867320 3.345557
v -0.264165 0.889594 3.337269
v -0.221205 0.899009 3.335390
v -0.180440 0.907132 3.336400
v -0.108879 0.879870 3.345557
v 0.108879 0.879870 3.345557
v 0.000000 1.000000 3.236677
v -0.058925 0.883157 3.345557
v -0.000000 0.884312 3.345557
v -0.085538 0.924037 3.337269
v -0.041567 0.924890 3.335389
v -0.000000 0.924903 3.336399
v -0.000000 0.948866 3.327110
v 0.085538 0.924037 3.337269
v 0.056650 0.962376 3.313667
v 0.058925 0.883157 3.345557
v 0.041567 0.924890 3.335389
v 0.024738 0.958681 3.321978
v -0.026613 0.989051 3.278344
v -0.056650 0.962376 3.313667
v 0.026613 0.989051 3.278344
v 0.000000 0.975938 3.302077
v -0.024738 0.958681 3.321978
v -0.236120 0.854560 3.345557
v -0.382683 0.923879 3.236677
v -0.437303 0.771227 3.345557
v -0.274587 0.886433 3.337269
v -0.315948 0.910798 3.313667
v -0.283530 0.838481 3.345557
v -0.315538 0.870394 3.335390
v -0.344016 0.895173 3.321978
v -0.363116 0.876638 3.327110
v -0.403081 0.903579 3.278344
v -0.420623 0.867440 3.313667
v -0.353906 0.923948 3.278344
v -0.373476 0.901649 3.302077
v -0.389727 0.876239 3.321978
v -0.392409 0.793382 3.345557
v -0.338412 0.816998 3.345557
v -0.432641 0.820965 3.337269
v -0.392343 0.838580 3.335390
v -0.353945 0.854499 3.336400
v -0.398300 0.792075 3.345557
v -0.555570 0.831469 3.236677
v -0.579360 0.671095 3.345557
v -0.442245 0.815831 3.337269
v -0.487565 0.831659 3.313667
v -0.441662 0.767056 3.345557
v -0.479280 0.792111 3.335390
v -0.512046 0.810858 3.321978
v -0.527162 0.788954 3.327110
v -0.571615 0.807580 3.278344
v -0.581770 0.768713 3.313667
v -0.527359 0.837151 3.278344
v -0.542202 0.811463 3.302077
v -0.553184 0.783371 3.321978
v -0.539650 0.701582 3.345557
v -0.491297 0.735279 3.345557
v -0.584490 0.720786 3.337269
v -0.548403 0.745925 3.335390
v -0.513849 0.769029 3.336400
v -0.545173 0.699151 3.345557
v -0.707107 0.707107 3.236677
v -0.699151 0.545173 3.345557
v -0.592908 0.713877 3.337269
v -0.640445 0.720560 3.313667
v -0.582820 0.666153 3.345557
v -0.624604 0.683388 3.335390
v -0.660398 0.695383 3.321978
v -0.670950 0.670950 3.327110
v -0.718183 0.680546 3.278344
v -0.720560 0.640445 3.313667
v -0.680546 0.718183 3.278344
v -0.690093 0.690093 3.302077
v -0.695383 0.660397 3.321978
v -0.666153 0.582820 3.345557
v -0.625303 0.625303 3.345557
v -0.713877 0.592908 3.337269
v -0.683388 0.624604 3.335390
v -0.654005 0.654005 3.336400
v -0.671095 0.579359 3.345557
v -0.831470 0.555570 3.236677
v -0.792075 0.398300 3.345557
v -0.720786 0.584490 3.337269
v -0.768713 0.581770 3.313667
v -0.701582 0.539650 3.345557
v -0.745925 0.548403 3.335390
v -0.783371 0.553184 3.321978
v -0.788954 0.527162 3.327110
v -0.837151 0.527359 3.278344
v -0.831660 0.487565 3.313667
v -0.807580 0.571615 3.278344
v -0.811463 0.542202 3.302077
v -0.810858 0.512046 3.321978
v -0.767056 0.441661 3.345557
v -0.735279 0.491297 3.345557
v -0.815831 0.442245 3.337269
v -0.792111 0.479280 3.335390
v -0.769029 0.513849 3.336400
v -0.771228 0.437303 3.345557
v -0.923880 0.382683 3.236677
v -0.854560 0.236120 3.345557
v -0.820965 0.432641 3.337269
v -0.867441 0.420623 3.313667
v -0.793382 0.392409 3.345557
v -0.838580 0.392343 3.335390
v -0.876239 0.389727 3.321978
v -0.876638 0.363115 3.327110
v -0.923948 0.353906 3.278344
v -0.910799 0.315947 3.313667
v -0.903579 0.403080 3.278344
v -0.901650 0.373475 3.302077
v -0.895173 0.344016 3.321978
v -0.838481 0.283530 3.345557
v -0.816998 0.338412 3.345557
v -0.886433 0.274586 3.337269
v -0.870394 0.315537 3.335390
v -0.854499 0.353945 3.336400
v -0.841722 0.278441 3.345557
v -0.980785 0.195090 3.236677
v -0.884205 0.064867 3.345557
v -0.889594 0.264165 3.337269
v -0.932832 0.243312 3.313667
v -0.854692 0.230088 3.345557
v -0.899009 0.221205 3.335390
v -0.935434 0.211292 3.321978
v -0.930634 0.185115 3.327110
v -0.975238 0.166852 3.278344
v -0.954936 0.132189 3.313667
v -0.964855 0.219056 3.278344
v -0.957186 0.190396 3.302077
v -0.945087 0.162766 3.321978
v -0.877684 0.114502 3.345557
v -0.867320 0.172521 3.345557
v -0.922970 0.096376 3.337269
v -0.915228 0.139669 3.335390
v -0.907132 0.180440 3.336400
v -0.879870 0.108879 3.345557
v -1.000000 -0.000000 3.236677
v -0.879870 -0.108880 3.345557
v -0.924037 0.085538 3.337269
v -0.962376 0.056650 3.313667
v -0.883157 0.058925 3.345557
v -0.924890 0.041566 3.335390
v -0.958682 0.024738 3.321978
v -0.948866 -0.000000 3.327110
v -0.989051 -0.026613 3.278344
v -0.962376 -0.056650 3.313667
v -0.989051 0.026613 3.278344
v -0.975939 -0.000000 3.302077
v -0.958682 -0.024739 3.321978
v -0.883158 -0.058925 3.345557
v -0.884312 -0.000000 3.345557
v -0.924037 -0.085538 3.337269
v -0.924890 -0.041567 3.335390
v -0.924903 -0.000000 3.336400
v -0.884205 -0.064867 3.345557
v -0.980785 -0.195090 3.236677
v -0.841722 -0.278442 3.345557
v -0.922970 -0.096376 3.337269
v -0.954936 -0.132189 3.313667
v -0.877684 -0.114503 3.345557
v -0.915228 -0.139669 3.335390
v -0.945087 -0.162767 3.321978
v -0.930634 -0.185115 3.327110
v -0.964855 -0.219056 3.278344
v -0.932832 -0.243312 3.313667
v -0.975238 -0.166853 3.278344
v -0.957186 -0.190396 3.302077
v -0.935435 -0.211293 3.321978
v -0.854692 -0.230089 3.345557
v -0.867320 -0.172521 3.345557
v -0.889594 -0.264165 3.337269
v -0.899009 -0.221205 3.335390
v -0.907132 -0.180440 3.336400
v -0.854560 -0.236120 3.345557
v -0.923880 -0.382684 3.236677
v -0.771228 -0.437303 3.345557
v -0.886433 -0.274587 3.337269
v -0.910799 -0.315948 3.313667
v -0.838481 -0.283530 3.345557
v -0.870394 -0.315538 3.335390
v -0.895173 -0.344016 3.321978
v -0.876638 -0.363116 3.327110
v -0.903579 -0.403081 3.278344
v -0.867441 -0.420623 3.313667
v -0.923948 -0.353906 3.278344
v -0.901650 -0.373476 3.302077
v -0.876239 -0.389727 3.321978
v -0.793382 -0.392410 3.345557
v -0.816998 -0.338412 3.345557
v -0.820965 -0.432641 3.337269
v -0.838580 -0.392343 3.335390
v -0.854499 -0.353945 3.336400
v -0.792075 -0.398300 3.345557
v -0.831470 -0.555570 3.236677
v -0.671095 -0.579360 3.345557
v -0.815831 -0.442245 3.337269
v -0.831660 -0.487565 3.313667
v -0.767056 -0.441662 3.345557
v -0.792111 -0.479280 3.335390
v -0.810858 -0.512046 3.321978
v -0.788954 -0.527162 3.327110
v -0.807580 -0.571615 3.278344
v -0.768713 -0.581770 3.313667
v -0.837151 -0.527359 3.278344
v -0.811463 -0.542203 3.302077
v -0.783371 -0.553184 3.321978
v -0.701582 -0.539651 3.345557
v -0.735279 -0.491298 3.345557
v -0.720786 -0.584490 3.337269
v -0.745925 -0.548403 3.335390
v -0.769029 -0.513849 3.336400
v -0.699151 -0.545173 3.345557
v -0.707107 -0.707107 3.236677
v -0.545173 -0.699152 3.345557
v -0.713877 -0.592908 3.337269
v -0.720560 -0.640445 3.313667
v -0.666153 -0.582820 3.345557
v -0.683388 -0.624604 3.335390
v -0.695383 -0.660398 3.321978
v -0.670950 -0.670950 3.327110
v -0.680546 -0.718183 3.278344
v -0.640445 -0.720560 3.313667
v -0.718183 -0.680546 3.278344
v -0.690093 -0.690093 3.302077
v -0.660398 -0.695383 3.321978
v -0.582820 -0.666153 3.345557
v -0.625303 -0.625303 3.345557
v -0.592908 -0.713878 3.337269
v -0.624604 -0.683388 3.335390
v -0.654005 -0.654006 3.336400
v -0.555570 -0.831470 3.236677
v -0.398300 -0.792076 3.345557
v -0.579360 -0.671095 3.345557
v -0.527359 -0.837151 3.278344
v -0.487565 -0.831660 3.313667
v -0.571615 -0.807580 3.278344
v -0.542202 -0.811463 3.302077
v -0.512046 -0.810859 3.321978
v -0.527162 -0.788954 3.327110
v -0.441662 -0.767056 3.345557
v -0.491297 -0.735279 3.345557
v -0.442245 -0.815831 3.337269
v -0.479280 -0.792111 3.335390
v -0.513849 -0.769029 3.336400
v -0.584490 -0.720786 3.337269
v -0.581770 -0.768713 3.313667
v -0.539650 -0.701582 3.345557
v -0.548403 -0.745925 3.335390
v -0.553184 -0.783371 3.321978
v -0.437303 -0.771228 3.345557
v -0.382683 -0.923880 3.236677
v -0.236120 -0.854560 3.345557
v -0.432641 -0.820965 3.337269
v -0.420623 -0.867441 3.313667
v -0.392410 -0.793382 3.345557
v -0.392343 -0.838580 3.335390
v -0.389727 -0.876239 3.321978
v -0.363116 -0.876638 3.327110
v -0.353906 -0.923948 3.278344
v -0.315947 -0.910799 3.313667
v -0.403081 -0.903580 3.278344
v -0.373476 -0.901650 3.302077
v -0.344016 -0.895173 3.321978
v -0.283530 -0.838481 3.345557
v -0.338412 -0.816998 3.345557
v -0.274587 -0.886433 3.337269
v -0.315538 -0.870394 3.335390
v -0.353945 -0.854499 3.336400
v -0.278441 -0.841722 3.345557
v -0.195090 -0.980785 3.236677
v -0.064867 -0.884205 3.345557
v -0.264165 -0.889594 3.337269
v -0.243312 -0.932833 3.313667
v -0.230088 -0.854692 3.345557
v -0.221205 -0.899009 3.335390
v -0.211293 -0.935435 3.321978
v -0.185115 -0.930634 3.327110
v -0.166853 -0.975239 3.278344
v -0.132189 -0.954936 3.313667
v -0.219056 -0.964855 3.278344
v -0.190396 -0.957186 3.302077
v -0.162766 -0.945087 3.321978
v -0.114503 -0.877684 3.345557
v -0.172521 -0.867320 3.345557
v -0.096376 -0.922970 3.337269
v -0.139669 -0.915228 3.335390
v -0.180440 -0.907132 3.336400
v -0.108879 -0.879870 3.345557
v 0.000000 -1.000000 3.236677
v 0.108879 -0.879870 3.345557
v -0.085538 -0.924037 3.337269
v -0.056650 -0.962376 3.313667
v -0.058925 -0.883158 3.345557
v -0.041567 -0.924890 3.335390
v -0.024738 -0.958682 3.321978
v 0.000000 -0.948867 3.327110
v 0.026613 -0.989051 3.278344
v 0.056650 -0.962376 3.313667
v -0.026613 -0.989051 3.278344
v -0.000000 -0.975939 3.302077
v 0.024738 -0.958682 3.321978
v 0.058925 -0.883158 3.345557
v 0.000000 -0.884312 3.345557
v 0.085538 -0.924037 3.337269
v 0.041567 -0.924890 3.335390
v 0.000000 -0.924904 3.336400
v 0.064867 -0.884205 3.345557
v 0.195090 -0.980785 3.236677
v 0.278441 -0.841722 3.345557
v 0.096376 -0.922970 3.337269
v 0.132189 -0.954936 3.313667
v 0.114503 -0.877684 3.345557
v 0.139669 -0.915228 3.335390
v 0.162766 -0.945087 3.321978
v 0.185115 -0.930634 3.327110
v 0.219056 -0.964855 3.278344
v 0.243312 -0.932833 3.313667
v 0.166853 -0.975239 3.278344
v 0.190396 -0.957186 3.302077
v 0.211293 -0.935435 3.321978
v 0.230088 -0.854692 3.345557
v 0.172521 -0.867320 3.345557
v 0.264165 -0.889594 3.337269
v 0.221205 -0.899009 3.335390
v 0.180440 -0.907132 3.336400
v 0.236120 -0.854560 3.345557
v 0.382683 -0.923880 3.236677
v 0.437303 -0.771228 3.345557
v 0.274587 -0.886433 3.337269
v 0.315948 -0.910799 3.313667
v 0.283530 -0.838481 3.345557
v 0.315538 -0.870394 3.335390
v 0.344016 -0.895173 3.321978
v 0.363116 -0.876638 3.327110
v 0.403081 -0.903579 3.278344
v 0.420623 -0.867441 3.313667
v 0.353906 -0.923948 3.278344
v 0.373476 -0.901650 3.302077
v 0.389727 -0.876239 3.321978
v 0.392409 -0.793382 3.345557
v 0.338412 -0.816998 3.345557
v 0.432641 -0.820965 3.337269
v 0.392343 -0.838580 3.335390
v 0.353945 -0.854500 3.336400
v 0.398300 -0.792076 3.345557
v 0.555570 -0.831470 3.236677
v 0.579360 -0.671095 3.345557
v 0.442245 -0.815831 3.337269
v 0.487565 -0.831660 3.313667
v 0.441662 -0.767056 3.345557
v 0.479280 -0.792111 3.335390
v 0.512046 -0.810859 3.321978
v 0.527162 -0.788954 3.327110
v 0.571615 -0.807580 3.278344
v 0.581770 -0.768713 3.313667
v 0.527359 -0.837151 3.278344
v 0.542202 -0.811463 3.302077
v 0.553184 -0.783371 3.321978
v 0.539650 -0.701582 3.345557
v 0.491297 -0.735279 3.345557
v 0.584490 -0.720786 3.337269
v 0.548403 -0.745925 3.335390
v 0.513849 -0.769029 3.336400
v 0.545173 -0.699152 3.345557
v 0.707107 -0.707107 3.236677
v 0.699151 -0.545173 3.345557
v 0.592908 -0.713878 3.337269
v 0.640445 -0.720560 3.313667
v 0.582820 -0.666153 3.345557
v 0.624604 -0.683388 3.335390
v 0.660398 -0.695383 3.321978
v 0.670950 -0.670950 3.327110
v 0.718183 -0.680546 3.278344
v 0.720560 -0.640445 3.313667
v 0.680546 -0.718183 3.278344
v 0.690093 -0.690093 3.302077
v 0.695383 -0.660398 3.321978
v 0.666153 -0.582820 3.345557
v 0.625303 -0.625303 3.345557
v 0.713877 -0.592908 3.337269
v 0.683388 -0.624604 3.335390
v 0.654005 -0.654006 3.336400
v 0.671095 -0.579360 3.345557
v 0.831470 -0.555570 3.236677
v 0.792075 -0.398300 3.345557
v 0.720786 -0.584490 3.337269
v 0.768713 -0.581770 3.313667
v 0.701582 -0.539651 3.345557
v 0.745925 -0.548403 3.335390
v 0.783371 -0.553184 3.321978
v 0.788954 -0.527162 3.327110
v 0.837151 -0.527359 3.278344
v 0.831660 -0.487565 3.313667
v 0.807580 -0.571615 3.278344
v 0.811463 -0.542202 3.302077
v 0.810858 -0.512046 3.321978
v 0.767056 -0.441662 3.345557
v 0.735279 -0.491298 3.345557
v 0.815831 -0.442245 3.337269
v 0.792111 -0.479280 3.335390
v 0.769029 -0.513849 3.336400
v 0.771228 -0.437303 3.345557
v 0.923880 -0.382684 3.236677
v 0.854560 -0.236120 3.345557
v 0.820965 -0.432641 3.337269
v 0.867441 -0.420623 3.313667
v 0.793382 -0.392410 3.345557
v 0.838580 -0.392343 3.335390
v 0.876239 -0.389727 3.321978
v 0.876638 -0.363116 3.327110
v 0.923948 -0.353906 3.278344
v 0.910799 -0.315948 3.313667
v 0.903579 -0.403081 3.278344
v 0.901650 -0.373476 3.302077
v 0.895173 -0.344016 3.321978
v 0.838481 -0.283530 3.345557
v 0.816998 -0.338412 3.345557
v 0.886433 -0.274587 3.337269
v 0.870394 -0.315538 3.335390
v 0.854499 -0.353945 3.336400
v 0.841722 -0.278442 3.345557
v 0.980785 -0.195090 3.236677
v 0.884205 -0.064867 3.345557
v 0.889594 -0.264165 3.337269
v 0.932832 -0.243312 3.313667
v 0.854692 -0.230089 3.345557
v 0.899009 -0.221205 3.335390
v 0.935434 -0.211293 3.321978
v 0.930634 -0.185115 3.327110
v 0.975238 -0.166853 3.278344
v 0.954936 -0.132189 3.313667
v 0.964855 -0.219056 3.278344
v 0.957186 -0.190396 3.302077
v 0.945087 -0.162767 3.321978
v 0.877684 -0.114503 3.345557
v 0.867320 -0.172521 3.345557
v 0.922970 -0.096376 3.337269
v 0.915228 -0.139669 3.335390
v 0.907132 -0.180440 3.336400
v 0.879870 -0.108880 3.345557
v 1.000000 -0.000000 3.236677
v 0.879870 0.108879 3.345557
v 0.924037 -0.085538 3.337269
v 0.962376 -0.056650 3.313667
v 0.883157 -0.058925 3.345557
v 0.924890 -0.041567 3.335390
v 0.958682 -0.024739 3.321978
v 0.948866 -0.000000 3.327110
v 0.989051 0.026613 3.278344
v 0.962376 0.056650 3.313667
v 0.989051 -0.026613 3.278344
v 0.975939 -0.000000 3.302077
v 0.958682 0.024738 3.321978
v 0.883158 0.058925 3.345557
v 0.884312 -0.000000 3.345557
v 0.924037 0.085538 3.337269
v 0.924890 0.041566 3.335390
v 0.924903 -0.000000 3.336400
v 0.884205 0.064867 3.345557
v 0.980785 0.195090 3.236677
v 0.841722 0.278441 3.345557
v 0.922970 0.096376 3.337269
v 0.954936 0.132189 3.313667
v 0.877684 0.114503 3.345557
v 0.915228 0.139669 3.335390
v 0.945087 0.162766 3.321978
v 0.930634 0.185115 3.327110
v 0.964855 0.219056 3.278344
v 0.932832 0.243312 3.313667
v 0.975238 0.166852 3.278344
v 0.957186 0.190396 3.302077
v 0.935435 0.211292 3.321978
v 0.854692 0.230088 3.345557
v 0.867320 0.172521 3.345557
v 0.889594 0.264165 3.337269
v 0.899009 0.221205 3.335390
v 0.907132 0.180440 3.336400
v 0.923880 0.382683 3.236677
v 0.771228 0.437303 3.345557
v 0.854560 0.236120 3.345557
v 0.903579 0.403080 3.278344
v 0.867441 0.420623 3.313667
v 0.923948 0.353906 3.278344
v 0.901650 0.373475 3.302077
v 0.876239 0.389727 3.321978
v 0.876638 0.363115 3.327110
v 0.793382 0.392409 3.345557
v 0.816998 0.338411 3.345557
v 0.820965 0.432641 3.337269
v 0.838580 0.392343 3.335390
v 0.854499 0.353945 3.336400
v 0.886433 0.274586 3.337269
v 0.910799 0.315947 3.313667
v 0.838481 0.283530 3.345557
v 0.870394 0.315537 3.335390
v 0.895173 0.344016 3.321978
v 0.792075 0.398300 3.345557
v 0.831470 0.555570 3.236677
v 0.671095 0.579359 3.345557
v 0.815831 0.442245 3.337269
v 0.831660 0.487565 3.313667
v 0.767056 0.441662 3.345557
v 0.792111 0.479280 3.335390
v 0.810858 0.512046 3.321978
v 0.788954 0.527162 3.327110
v 0.807580 0.571615 3.278344
v 0.768713 0.581770 3.313667
v 0.837151 0.527359 3.278344
v 0.811463 0.542202 3.302077
v 0.783371 0.553184 3.321978
v 0.701582 0.539650 3.345557
v 0.735279 0.491297 3.345557
v 0.720786 0.584490 3.337269
v 0.745925 0.548403 3.335390
v 0.769029 0.513849 3.336400
v 0.699151 0.545173 3.345557
v 0.707107 0.707107 3.236677
v 0.545173 0.699151 3.345557
v 0.713877 0.592908 3.337269
v 0.720560 0.640445 3.313667
v 0.666153 0.582820 3.345557
v 0.683388 0.624604 3.335390
v 0.695383 0.660397 3.321978
v 0.670950 0.670950 3.327110
v 0.680546 0.718183 3.278344
v 0.640445 0.720560 3.313667
v 0.718183 0.680546 3.278344
v 0.690093 0.690093 3.302077
v 0.660398 0.695383 3.321978
v 0.582820 0.666153 3.345557
v 0.625303 0.625303 3.345557
v 0.592908 0.713877 3.337269
v 0.624604 0.683388 3.335390
v 0.654005 0.654005 3.336400
v 0.579360 0.671095 3.345557
v 0.555570 0.831469 3.236677
v 0.398300 0.792075 3.345557
v 0.584490 0.720786 3.337269
v 0.581770 0.768713 3.313667
v 0.539650 0.701582 3.345557
v 0.548403 0.745925 3.335390
v 0.553184 0.783371 3.321978
v 0.527162 0.788954 3.327110
v 0.527359 0.837151 3.278344
v 0.487565 0.831659 3.313667
v 0.571615 0.807580 3.278344
v 0.542202 0.811463 3.302077
v 0.512046 0.810858 3.321978
v 0.441662 0.767056 3.345557
v 0.491297 0.735279 3.345557
v 0.442245 0.815831 3.337269
v 0.479280 0.792111 3.335390
v 0.513849 0.769029 3.336400
v 0.437303 0.771228 3.345557
v 0.382683 0.923879 3.236677
v 0.236120 0.854560 3.345557
v 0.432641 0.820965 3.337269
v 0.420623 0.867440 3.313667
v 0.392410 0.793381 3.345557
v 0.392343 0.838580 3.335390
v 0.389727 0.876239 3.321978
v 0.363116 0.876638 3.327110
v 0.353906 0.923948 3.278344
v 0.315947 0.910798 3.313667
v 0.403081 0.903579 3.278344
v 0.373476 0.901649 3.302077
v 0.344016 0.895173 3.321978
v 0.283530 0.838481 3.345557
v 0.338412 0.816998 3.345557
v 0.274587 0.886433 3.337269
v 0.315538 0.870394 3.335390
v 0.353945 0.854499 3.336400
v 0.278441 0.841722 3.345557
v 0.195090 0.980785 3.236677
v 0.064867 0.884205 3.345557
v 0.264165 0.889594 3.337269
v 0.243312 0.932832 3.313667
v 0.230088 0.854692 3.345557
v 0.221205 0.899009 3.335390
v 0.211293 0.935434 3.321978
v 0.185115 0.930634 3.327110
v 0.166853 0.975238 3.278344
v 0.132189 0.954936 3.313667
v 0.219056 0.964854 3.278344
v 0.190396 0.957186 3.302077
v 0.162766 0.945087 3.321978
v 0.114503 0.877684 3.345557
v 0.172521 0.867320 3.345557
v 0.096376 0.922969 3.337269
v 0.139669 0.915228 3.335390
v 0.180440 0.907132 3.336400
vn 0.8819 0.4714 -0.0000
vn -0.4714 -0.8819 -0.0000
vn -0.0980 0.9952 -0.0000
vn 0.7730 0.6344 -0.0000
vn -0.2903 -0.9569 -0.0000
vn -0.2903 0.9569 -0.0000
vn 0.6344 0.7730 -0.0000
vn -0.0980 -0.9952 -0.0000
vn -0.4714 0.8819 -0.0000
vn 0.4714 0.8819 -0.0000
vn 0.0980 -0.9952 -0.0000
vn -0.6344 0.7730 -0.0000
vn 0.2903 0.9569 -0.0000
vn 0.2903 -0.9569 -0.0000
vn -0.7730 0.6344 -0.0000
vn 0.0980 0.9952 -0.0000
vn 0.4714 -0.8819 -0.0000
vn -0.8819 0.4714 -0.0000
vn 0.6344 -0.7730 -0.0000
vn -0.9569 0.2903 -0.0000
vn 0.7730 -0.6344 -0.0000
vn -0.9952 0.0980 -0.0000
vn 0.8819 -0.4714 -0.0000
vn -0.9952 -0.0980 -0.0000
vn 0.9569 -0.2903 -0.0000
vn -0.9569 -0.2903 -0.0000
vn 0.9952 -0.0980 -0.0000
vn -0.8819 -0.4714 -0.0000
vn 0.9952 0.0980 -0.0000
vn -0.7730 -0.6344 -0.0000
vn 0.9569 0.2903 -0.0000
vn -0.6344 -0.7730 -0.0000
vn -0.0000 -0.0000 1.0000
vn 0.0702 -0.0855 -0.9939
vn -0.8315 0.5556 -0.0000
vn 0.0522 -0.0976 0.9939
vn -0.0108 0.1101 -0.9939
vn 0.3827 -0.9239 -0.0000
vn -0.0522 -0.0976 0.9939
vn -0.0522 -0.0976 -0.9939
vn 0.7071 -0.7071 -0.0000
vn -0.0108 0.1101 0.9939
vn 0.0522 -0.0976 -0.9939
vn -0.1951 0.9808 -0.0000
vn 0.0702 -0.0855 0.9939
vn 0.0108 0.1101 -0.9939
vn 0.5556 -0.8315 -0.0000
vn -0.0321 -0.1059 0.9939
vn -0.0702 -0.0855 -0.9939
vn -0.0000 1.0000 -0.0000
vn -0.0321 0.1059 0.9939
vn 0.0321 -0.1059 -0.9939
vn 0.0855 -0.0702 0.9939
vn 0.0321 0.1059 -0.9939
vn 0.1951 0.9808 -0.0000
vn -0.0108 -0.1101 0.9939
vn -0.0855 -0.0702 -0.9939
vn 0.1951 -0.9808 -0.0000
vn -0.0522 0.0976 0.9939
vn 0.0108 -0.1101 -0.9939
vn 0.3827 0.9239 -0.0000
vn 0.0976 -0.0522 0.9939
vn 0.0522 0.0976 -0.9939
vn -0.0000 -1.0000 -0.0000
vn -0.0702 0.0855 0.9939
vn -0.0976 -0.0522 -0.9939
vn 0.5556 0.8315 -0.0000
vn 0.1059 -0.0321 0.9939
vn -0.1951 -0.9808 -0.0000
vn -0.0855 0.0702 0.9939
vn 0.7071 0.7071 -0.0000
vn 0.1101 -0.0108 0.9939
vn -0.3827 -0.9239 -0.0000
vn -0.0976 0.0522 0.9939
vn 0.8315 0.5556 -0.0000
vn 0.1101 0.0108 0.9939
vn -0.5556 -0.8315 -0.0000
vn -0.1059 0.0321 0.9939
vn 0.0108 0.1101 0.9939
vn 1.0000 -0.0000 -0.0000
vn -0.0321 -0.1059 -0.9939
vn -0.0702 -0.0855 0.9939
vn -0.0321 0.1059 -0.9939
vn 0.0321 -0.1059 0.9939
vn 0.0855 -0.0702 -0.9939
vn 0.0321 0.1059 0.9939
vn -0.0108 -0.1101 -0.9939
vn -0.0855 -0.0702 0.9939
vn -0.0522 0.0976 -0.9939
vn 0.0108 -0.1101 0.9939
vn 0.0976 -0.0522 -0.9939
vn 0.0522 0.0976 0.9939
vn -0.0702 0.0855 -0.9939
vn -0.0976 -0.0522 0.9939
vn 0.1059 -0.0321 -0.9939
vn -0.0855 0.0702 -0.9939
vn 0.1101 -0.0108 -0.9939
vn -0.0976 0.0522 -0.9939
vn 0.1101 0.0108 -0.9939
vn -0.1059 0.0321 -0.9939
vn 0.1059 0.0321 -0.9939
vn -0.1101 0.0108 -0.9939
vn 0.0976 0.0522 -0.9939
vn -0.1101 -0.0108 -0.9939
vn 0.0855 0.0702 -0.9939
vn -0.1059 -0.0321 -0.9939
vn 0.0702 0.0855 -0.9939
vn -0.5556 0.8315 -0.0000
vn 0.9239 -0.3827 -0.0000
vn -0.9808 -0.1951 -0.0000
vn -0.7071 0.7071 -0.0000
vn 0.9808 -0.1951 -0.0000
vn -0.9239 -0.3827 -0.0000
vn 0.0702 0.0855 0.9939
vn -0.1059 -0.0321 0.9939
vn -0.8315 -0.5556 -0.0000
vn 0.0855 0.0702 0.9939
vn -0.9239 0.3827 -0.0000
vn -0.1101 -0.0108 0.9939
vn 0.9808 0.1951 -0.0000
vn 0.0976 0.0522 0.9939
vn -0.7071 -0.7071 -0.0000
vn -0.1101 0.0108 0.9939
vn -0.9808 0.1951 -0.0000
vn 0.1059 0.0321 0.9939
vn 0.9239 0.3827 -0.0000
vn -0.0978 0.9931 -0.0654
vn -0.0961 0.9761 -0.1951
vn -0.0928 0.9424 -0.3214
vn -0.0879 0.8926 -0.4423
vn -0.0815 0.8275 -0.5556
vn -0.0737 0.7482 -0.6593
vn -0.0646 0.6562 -0.7518
vn -0.0545 0.5529 -0.8315
vn -0.0434 0.4402 -0.8969
vn -0.0315 0.3199 -0.9469
vn -0.0191 0.1942 -0.9808
vn -0.0064 0.0651 -0.9979
vn -0.2897 0.9549 -0.0654
vn -0.2847 0.9386 -0.1951
vn -0.2749 0.9062 -0.3214
vn -0.2603 0.8583 -0.4423
vn -0.2414 0.7957 -0.5556
vn -0.2182 0.7195 -0.6593
vn -0.1914 0.6310 -0.7518
vn -0.1613 0.5316 -0.8315
vn -0.1284 0.4232 -0.8969
vn -0.0933 0.3076 -0.9469
vn -0.0566 0.1867 -0.9808
vn -0.0190 0.0626 -0.9979
vn -0.4704 0.8800 -0.0654
vn -0.4623 0.8650 -0.1951
vn -0.4464 0.8351 -0.3214
vn -0.4228 0.7910 -0.4423
vn -0.3920 0.7333 -0.5556
vn -0.3544 0.6631 -0.6593
vn -0.3108 0.5815 -0.7518
vn -0.2619 0.4900 -0.8315
vn -0.2085 0.3901 -0.8969
vn -0.1515 0.2835 -0.9469
vn -0.0920 0.1721 -0.9808
vn -0.0308 0.0577 -0.9979
vn -0.6330 0.7714 -0.0654
vn -0.6222 0.7582 -0.1951
vn -0.6007 0.7320 -0.3214
vn -0.5690 0.6933 -0.4423
vn -0.5275 0.6427 -0.5556
vn -0.4770 0.5812 -0.6593
vn -0.4183 0.5097 -0.7518
vn -0.3524 0.4295 -0.8315
vn -0.2806 0.3419 -0.8969
vn -0.2039 0.2485 -0.9469
vn -0.1238 0.1508 -0.9808
vn -0.0415 0.0506 -0.9979
vn -0.7714 0.6330 -0.0654
vn -0.7582 0.6222 -0.1951
vn -0.7320 0.6007 -0.3214
vn -0.6933 0.5690 -0.4423
vn -0.6427 0.5275 -0.5556
vn -0.5812 0.4770 -0.6593
vn -0.5097 0.4183 -0.7518
vn -0.4295 0.3524 -0.8315
vn -0.3419 0.2806 -0.8969
vn -0.2485 0.2039 -0.9469
vn -0.1508 0.1238 -0.9808
vn -0.0506 0.0415 -0.9979
vn -0.8800 0.4704 -0.0654
vn -0.8650 0.4623 -0.1951
vn -0.8351 0.4464 -0.3214
vn -0.7910 0.4228 -0.4423
vn -0.7333 0.3920 -0.5556
vn -0.6631 0.3544 -0.6593
vn -0.5815 0.3108 -0.7518
vn -0.4900 0.2619 -0.8315
vn -0.3901 0.2085 -0.8969
vn -0.2835 0.1515 -0.9469
vn -0.1721 0.0920 -0.9808
vn -0.0577 0.0308 -0.9979
vn -0.9549 0.2897 -0.0654
vn -0.9386 0.2847 -0.1951
vn -0.9062 0.2749 -0.3214
vn -0.8583 0.2603 -0.4423
vn -0.7957 0.2414 -0.5556
vn -0.7195 0.2182 -0.6593
vn -0.6310 0.1914 -0.7518
vn -0.5316 0.1613 -0.8315
vn -0.4232 0.1284 -0.8969
vn -0.3076 0.0933 -0.9469
vn -0.1867 0.0566 -0.9808
vn -0.0626 0.0190 -0.9979
vn -0.9931 0.0978 -0.0654
vn -0.9761 0.0961 -0.1951
vn -0.9424 0.0928 -0.3214
vn -0.8926 0.0879 -0.4423
vn -0.8275 0.0815 -0.5556
vn -0.7482 0.0737 -0.6593
vn -0.6562 0.0646 -0.7518
vn -0.5529 0.0545 -0.8315
vn -0.4402 0.0434 -0.8969
vn -0.3199 0.0315 -0.9469
vn -0.1942 0.0191 -0.9808
vn -0.0651 0.0064 -0.9979
vn -0.9931 -0.0978 -0.0654
vn -0.9761 -0.0961 -0.1951
vn -0.9424 -0.0928 -0.3214
vn -0.8926 -0.0879 -0.4423
vn -0.8275 -0.0815 -0.5556
vn -0.7482 -0.0737 -0.6593
vn -0.6562 -0.0646 -0.7518
vn -0.5529 -0.0545 -0.8315
vn -0.4402 -0.0434 -0.8969
vn -0.3199 -0.0315 -0.9469
vn -0.1942 -0.0191 -0.9808
vn -0.0651 -0.0064 -0.9979
vn -0.9549 -0.2897 -0.0654
vn -0.9386 -0.2847 -0.1951
vn -0.9062 -0.2749 -0.3214
vn -0.8583 -0.2603 -0.4423
vn -0.7957 -0.2414 -0.5556
vn -0.7195 -0.2182 -0.6593
vn -0.6310 -0.1914 -0.7518
vn -0.5316 -0.1613 -0.8315
vn -0.4232 -0.1284 -0.8969
vn -0.3076 -0.0933 -0.9469
vn -0.1867 -0.0566 -0.9808
vn -0.0626 -0.0190 -0.9979
vn -0.8800 -0.4704 -0.0654
vn -0.8650 -0.4623 -0.1951
vn -0.8351 -0.4464 -0.3214
vn -0.7910 -0.4228 -0.4423
vn -0.7333 -0.3920 -0.5556
vn -0.6631 -0.3544 -0.6593
vn -0.5815 -0.3108 -0.7518
vn -0.4900 -0.2619 -0.8315
vn -0.3901 -0.2085 -0.8969
vn -0.2835 -0.1515 -0.9469
vn -0.1721 -0.0920 -0.9808
vn -0.0577 -0.0308 -0.9979
vn -0.7714 -0.6330 -0.0654
vn -0.7582 -0.6222 -0.1951
vn -0.7320 -0.6007 -0.3214
vn -0.6933 -0.5690 -0.4423
vn -0.6427 -0.5275 -0.5556
vn -0.5812 -0.4770 -0.6593
vn -0.5097 -0.4183 -0.7518
vn -0.4295 -0.3524 -0.8315
vn -0.3419 -0.2806 -0.8969
vn -0.2485 -0.2039 -0.9469
vn -0.1508 -0.1238 -0.9808
vn -0.0506 -0.0415 -0.9979
vn -0.6330 -0.7714 -0.0654
vn -0.6222 -0.7582 -0.1951
vn -0.6007 -0.7320 -0.3214
vn -0.5690 -0.6933 -0.4423
vn -0.5275 -0.6427 -0.5556
vn -0.4770 -0.5812 -0.6593
vn -0.4183 -0.5097 -0.7518
vn -0.3524 -0.4295 -0.8315
vn -0.2806 -0.3419 -0.8969
vn -0.2039 -0.2485 -0.9469
vn -0.1238 -0.1508 -0.9808
vn -0.0415 -0.0506 -0.9979
vn -0.4704 -0.8800 -0.0654
vn -0.4623 -0.8650 -0.1951
vn -0.4464 -0.8351 -0.3214
vn -0.4228 -0.7910 -0.4423
vn -0.3920 -0.7333 -0.5556
vn -0.3544 -0.6631 -0.6593
vn -0.3108 -0.5815 -0.7518
vn -0.2619 -0.4900 -0.8315
vn -0.2085 -0.3901 -0.8969
vn -0.1515 -0.2835 -0.9469
vn -0.0920 -0.1721 -0.9808
vn -0.0308 -0.0577 -0.9979
vn -0.2897 -0.9549 -0.0654
vn -0.2847 -0.9386 -0.1951
vn -0.2749 -0.9062 -0.3214
vn -0.2603 -0.8583 -0.4423
vn -0.2414 -0.7957 -0.5556
vn -0.2182 -0.7195 -0.6593
vn -0.1914 -0.6310 -0.7518
vn -0.1613 -0.5316 -0.8315
vn -0.1284 -0.4232 -0.8969
vn -0.0933 -0.3076 -0.9469
vn -0.0566 -0.1867 -0.9808
vn -0.0190 -0.0626 -0.9979
vn -0.0978 -0.9931 -0.0654
vn -0.0961 -0.9761 -0.1951
vn -0.0928 -0.9424 -0.3214
vn -0.0879 -0.8926 -0.4423
vn -0.0815 -0.8275 -0.5556
vn -0.0737 -0.7482 -0.6593
vn -0.0646 -0.6562 -0.7518
vn -0.0545 -0.5529 -0.8315
vn -0.0434 -0.4402 -0.8969
vn -0.0315 -0.3199 -0.9469
vn -0.0191 -0.1942 -0.9808
vn -0.0064 -0.0651 -0.9979
vn 0.0978 -0.9931 -0.0654
vn 0.0961 -0.9761 -0.1951
vn 0.0928 -0.9424 -0.3214
vn 0.0879 -0.8926 -0.4423
vn 0.0815 -0.8275 -0.5556
vn 0.0737 -0.7482 -0.6593
vn 0.0646 -0.6562 -0.7518
vn 0.0545 -0.5529 -0.8315
vn 0.0434 -0.4402 -0.8969
vn 0.0315 -0.3199 -0.9469
vn 0.0191 -0.1942 -0.9808
vn 0.0064 -0.0651 -0.9979
vn 0.2897 -0.9549 -0.0654
vn 0.2847 -0.9386 -0.1951
vn 0.2749 -0.9062 -0.3214
vn 0.2603 -0.8583 -0.4423
vn 0.2414 -0.7957 -0.5556
vn 0.2182 -0.7195 -0.6593
vn 0.1914 -0.6310 -0.7518
vn 0.1613 -0.5316 -0.8315
vn 0.1284 -0.4232 -0.8969
vn 0.0933 -0.3076 -0.9469
vn 0.0566 -0.1867 -0.9808
vn 0.0190 -0.0626 -0.9979
vn 0.4704 -0.8800 -0.0654
vn 0.4623 -0.8650 -0.1951
vn 0.4464 -0.8351 -0.3214
vn 0.4228 -0.7910 -0.4423
vn 0.3920 -0.7333 -0.5556
vn 0.3544 -0.6631 -0.6593
vn 0.3108 -0.5815 -0.7518
vn 0.2619 -0.4900 -0.8315
vn 0.2085 -0.3901 -0.8969
vn 0.1515 -0.2835 -0.9469
vn 0.0920 -0.1721 -0.9808
vn 0.0308 -0.0577 -0.9979
vn 0.6330 -0.7714 -0.0654
vn 0.6222 -0.7582 -0.1951
vn 0.6007 -0.7320 -0.3214
vn 0.5690 -0.6933 -0.4423
vn 0.5275 -0.6427 -0.5556
vn 0.4770 -0.5812 -0.6593
vn 0.4183 -0.5097 -0.7518
vn 0.3524 -0.4295 -0.8315
vn 0.2806 -0.3419 -0.8969
vn 0.2039 -0.2485 -0.9469
vn 0.1238 -0.1508 -0.9808
vn 0.0415 -0.0506 -0.9979
vn 0.7714 -0.6330 -0.0654
vn 0.7582 -0.6222 -0.1951
vn 0.7320 -0.6007 -0.3214
vn 0.6933 -0.5690 -0.4423
vn 0.6427 -0.5275 -0.5556
vn 0.5812 -0.4770 -0.6593
vn 0.5097 -0.4183 -0.7518
vn 0.4295 -0.3524 -0.8315
vn 0.3419 -0.2806 -0.8969
vn 0.2485 -0.2039 -0.9469
vn 0.1508 -0.1238 -0.9808
vn 0.0506 -0.0415 -0.9979
vn 0.8800 -0.4704 -0.0654
vn 0.8650 -0.4623 -0.1951
vn 0.8351 -0.4464 -0.3214
vn 0.7910 -0.4228 -0.4423
vn 0.7333 -0.3920 -0.5556
vn 0.6631 -0.3544 -0.6593
vn 0.5815 -0.3108 -0.7518
vn 0.4900 -0.2619 -0.8315
vn 0.3901 -0.2085 -0.8969
vn 0.2835 -0.1515 -0.9469
vn 0.1721 -0.0920 -0.9808
vn 0.0577 -0.0308 -0.9979
vn 0.9549 -0.2897 -0.0654
vn 0.9386 -0.2847 -0.1951
vn 0.9062 -0.2749 -0.3214
vn 0.8583 -0.2603 -0.4423
vn 0.7957 -0.2414 -0.5556
vn 0.7195 -0.2182 -0.6593
vn 0.6310 -0.1914 -0.7518
vn 0.5316 -0.1613 -0.8315
vn 0.4232 -0.1284 -0.8969
vn 0.3076 -0.0933 -0.9469
vn 0.1867 -0.0566 -0.9808
vn 0.0626 -0.0190 -0.9979
vn 0.9931 -0.0978 -0.0654
vn 0.9761 -0.0961 -0.1951
vn 0.9424 -0.0928 -0.3214
vn 0.8926 -0.0879 -0.4423
vn 0.8275 -0.0815 -0.5556
vn 0.7482 -0.0737 -0.6593
vn 0.6562 -0.0646 -0.7518
vn 0.5529 -0.0545 -0.8315
vn 0.4402 -0.0434 -0.8969
vn 0.3199 -0.0315 -0.9469
vn 0.1942 -0.0191 -0.9808
vn 0.0651 -0.0064 -0.9979
vn 0.9931 0.0978 -0.0654
vn 0.9761 0.0961 -0.1951
vn 0.9424 0.0928 -0.3214
vn 0.8926 0.0879 -0.4423
vn 0.8275 0.0815 -0.5556
vn 0.7482 0.0737 -0.6593
vn 0.6562 0.0646 -0.7518
vn 0.5529 0.0545 -0.8315
vn 0.4402 0.0434 -0.8969
vn 0.3199 0.0315 -0.9469
vn 0.1942 0.0191 -0.9808
vn 0.0651 0.0064 -0.9979
vn 0.9549 0.2897 -0.0654
vn 0.9386 0.2847 -0.1951
vn 0.9062 0.2749 -0.3214
vn 0.8583 0.2603 -0.4423
vn 0.7957 0.2414 -0.5556
vn 0.7195 0.2182 -0.6593
vn 0.6310 0.1914 -0.7518
vn 0.5316 0.1613 -0.8315
vn 0.4232 0.1284 -0.8969
vn 0.3076 0.0933 -0.9469
vn 0.1867 0.0566 -0.9808
vn 0.0626 0.0190 -0.9979
vn 0.8800 0.4704 -0.0654
vn 0.8650 0.4623 -0.1951
vn 0.8351 0.4464 -0.3214
vn 0.7910 0.4228 -0.4423
vn 0.7333 0.3920 -0.5556
vn 0.6631 0.3544 -0.6593
vn 0.5815 0.3108 -0.7518
vn 0.4900 0.2619 -0.8315
vn 0.3901 0.2085 -0.8969
vn 0.2835 0.1515 -0.9469
vn 0.1721 0.0920 -0.9808
vn 0.0577 0.0308 -0.9979
vn 0.7714 0.6330 -0.0654
vn 0.7582 0.6222 -0.1951
vn 0.7320 0.6007 -0.3214
vn 0.6933 0.5690 -0.4423
vn 0.6427 0.5275 -0.5556
vn 0.5812 0.4770 -0.6593
vn 0.5097 0.4183 -0.7518
vn 0.4295 0.3524 -0.8315
vn 0.3419 0.2806 -0.8969
vn 0.2485 0.2039 -0.9469
vn 0.1508 0.1238 -0.9808
vn 0.0506 0.0415 -0.9979
vn 0.6330 0.7714 -0.0654
vn 0.6222 0.7582 -0.1951
vn 0.6007 0.7320 -0.3214
vn 0.5690 0.6933 -0.4423
vn 0.5275 0.6427 -0.5556
vn 0.4770 0.5812 -0.6593
vn 0.4183 0.5097 -0.7518
vn 0.3524 0.4295 -0.8315
vn 0.2806 0.3419 -0.8969
vn 0.2039 0.2485 -0.9469
vn 0.1238 0.1508 -0.9808
vn 0.0415 0.0506 -0.9979
vn 0.4704 0.8800 -0.0654
vn 0.4623 0.8650 -0.1951
vn 0.4464 0.8351 -0.3214
vn 0.4228 0.7910 -0.4423
vn 0.3920 0.7333 -0.5556
vn 0.3544 0.6631 -0.6593
vn 0.3108 0.5815 -0.7518
vn 0.2619 0.4900 -0.8315
vn 0.2085 0.3901 -0.8969
vn 0.1515 0.2835 -0.9469
vn 0.0920 0.1721 -0.9808
vn 0.0308 0.0577 -0.9979
vn 0.2897 0.9549 -0.0654
vn 0.2847 0.9386 -0.1951
vn 0.2749 0.9062 -0.3214
vn 0.2603 0.8583 -0.4423
vn 0.2414 0.7957 -0.5556
vn 0.2182 0.7195 -0.6593
vn 0.1914 0.6310 -0.7518
vn 0.1613 0.5316 -0.8315
vn 0.1284 0.4232 -0.8969
vn 0.0933 0.3076 -0.9469
vn 0.0566 0.1867 -0.9808
vn 0.0190 0.0626 -0.9979
vn 0.0978 0.9931 -0.0654
vn 0.0961 0.9761 -0.1951
vn 0.0928 0.9424 -0.3214
vn 0.0879 0.8926 -0.4423
vn 0.0815 0.8275 -0.5556
vn 0.0737 0.7482 -0.6593
vn 0.0646 0.6562 -0.7518
vn 0.0545 0.5529 -0.8315
vn 0.0434 0.4402 -0.8969
vn 0.0315 0.3199 -0.9469
vn 0.0191 0.1942 -0.9808
vn 0.0064 0.0651 -0.9979
vn -0.0000 -0.0000 -1.0000
vn 0.7337 0.5895 -0.3380
vn 0.8254 0.4523 -0.3380
vn 0.2942 0.1966 -0.9353
vn 0.8254 0.4523 0.3380
vn 0.7337 0.5895 0.3380
vn 0.2942 0.1966 0.9353
vn -0.2826 -0.8977 -0.3380
vn -0.4350 -0.8346 -0.3380
vn -0.1354 -0.3269 -0.9353
vn -0.4350 -0.8346 0.3380
vn -0.2826 -0.8977 0.3380
vn -0.1354 -0.3269 0.9353
vn -0.2638 0.9034 -0.3380
vn -0.1020 0.9356 -0.3380
vn -0.0690 0.3471 -0.9353
vn -0.1020 0.9356 0.3380
vn -0.2638 0.9034 0.3380
vn -0.0690 0.3471 0.9353
vn 0.6046 0.7213 -0.3380
vn 0.7213 0.6046 -0.3380
vn 0.2502 0.2502 -0.9353
vn 0.7213 0.6046 0.3380
vn 0.6046 0.7213 0.3380
vn 0.2502 0.2502 0.9353
vn -0.1020 -0.9356 -0.3380
vn -0.2638 -0.9034 -0.3380
vn -0.0690 -0.3471 -0.9353
vn -0.2638 -0.9034 0.3380
vn -0.1020 -0.9356 0.3380
vn -0.0690 -0.3471 0.9353
vn -0.4350 0.8346 -0.3380
vn -0.2826 0.8977 -0.3380
vn -0.1354 0.3269 -0.9353
vn -0.2826 0.8977 0.3380
vn -0.4350 0.8346 0.3380
vn -0.1354 0.3269 0.9353
vn 0.4523 0.8254 -0.3380
vn 0.5895 0.7337 -0.3380
vn 0.1966 0.2942 -0.9353
vn 0.5895 0.7337 0.3380
vn 0.4523 0.8254 0.3380
vn 0.1966 0.2942 0.9353
vn 0.0825 -0.9375 -0.3380
vn -0.0825 -0.9375 -0.3380
vn -0.0000 -0.3539 -0.9353
vn -0.0825 -0.9375 0.3380
vn 0.0825 -0.9375 0.3380
vn -0.0000 -0.3539 0.9353
vn -0.5895 0.7337 -0.3380
vn -0.4523 0.8254 -0.3380
vn -0.1966 0.2942 -0.9353
vn -0.4523 0.8254 0.3380
vn -0.5895 0.7337 0.3380
vn -0.1966 0.2942 0.9353
vn 0.2826 0.8977 -0.3380
vn 0.4350 0.8346 -0.3380
vn 0.1354 0.3269 -0.9353
vn 0.4350 0.8346 0.3380
vn 0.2826 0.8977 0.3380
vn 0.1354 0.3269 0.9353
vn 0.2638 -0.9034 -0.3380
vn 0.1020 -0.9356 -0.3380
vn 0.0690 -0.3471 -0.9353
vn 0.1020 -0.9356 0.3380
vn 0.2638 -0.9034 0.3380
vn 0.0690 -0.3471 0.9353
vn -0.7213 0.6046 -0.3380
vn -0.6046 0.7213 -0.3380
vn -0.2502 0.2502 -0.9353
vn -0.6046 0.7213 0.3380
vn -0.7213 0.6046 0.3380
vn -0.2502 0.2502 0.9353
vn 0.1020 0.9356 -0.3380
vn 0.2638 0.9034 -0.3380
vn 0.0690 0.3471 -0.9353
vn 0.2638 0.9034 0.3380
vn 0.1020 0.9356 0.3380
vn 0.0690 0.3471 0.9353
vn 0.4350 -0.8346 -0.3380
vn 0.2826 -0.8977 -0.3380
vn 0.1354 -0.3269 -0.9353
vn 0.2826 -0.8977 0.3380
vn 0.4350 -0.8346 0.3380
vn 0.1354 -0.3269 0.9353
vn -0.8254 0.4523 -0.3380
vn -0.7337 0.5895 -0.3380
vn -0.2942 0.1966 -0.9353
vn -0.7337 0.5895 0.3380
vn -0.8254 0.4523 0.3380
vn -0.2942 0.1966 0.9353
vn 0.5895 -0.7337 -0.3380
vn 0.4523 -0.8254 -0.3380
vn 0.1966 -0.2942 -0.9353
vn 0.4523 -0.8254 0.3380
vn 0.5895 -0.7337 0.3380
vn 0.1966 -0.2942 0.9353
vn -0.8977 0.2826 -0.3380
vn -0.8346 0.4350 -0.3380
vn -0.3269 0.1354 -0.9353
vn -0.8346 0.4350 0.3380
vn -0.8977 0.2826 0.3380
vn -0.3269 0.1354 0.9353
vn 0.7213 -0.6046 -0.3380
vn 0.6046 -0.7213 -0.3380
vn 0.2502 -0.2502 -0.9353
vn 0.6046 -0.7213 0.3380
vn 0.7213 -0.6046 0.3380
vn 0.2502 -0.2502 0.9353
vn -0.9356 0.1020 -0.3380
vn -0.9034 0.2638 -0.3380
vn -0.3471 0.0690 -0.9353
vn -0.9034 0.2638 0.3380
vn -0.9356 0.1020 0.3380
vn -0.3471 0.0690 0.9353
vn 0.8254 -0.4523 -0.3380
vn 0.7337 -0.5895 -0.3380
vn 0.2942 -0.1966 -0.9353
vn 0.7337 -0.5895 0.3380
vn 0.8254 -0.4523 0.3380
vn 0.2942 -0.1966 0.9353
vn -0.9375 -0.0825 -0.3380
vn -0.9375 0.0825 -0.3380
vn -0.3539 -0.0000 -0.9353
vn -0.9375 0.0825 0.3380
vn -0.9375 -0.0825 0.3380
vn -0.3539 -0.0000 0.9353
vn 0.8977 -0.2826 -0.3380
vn 0.8346 -0.4350 -0.3380
vn 0.3269 -0.1354 -0.9353
vn 0.8346 -0.4350 0.3380
vn 0.8977 -0.2826 0.3380
vn 0.3269 -0.1354 0.9353
vn -0.9034 -0.2638 -0.3380
vn -0.9356 -0.1020 -0.3380
vn -0.3471 -0.0690 -0.9353
vn -0.9356 -0.1020 0.3380
vn -0.9034 -0.2638 0.3380
vn -0.3471 -0.0690 0.9353
vn 0.9356 -0.1020 -0.3380
vn 0.9034 -0.2638 -0.3380
vn 0.3471 -0.0690 -0.9353
vn 0.9034 -0.2638 0.3380
vn 0.9356 -0.1020 0.3380
vn 0.3471 -0.0690 0.9353
vn -0.8346 -0.4350 -0.3380
vn -0.8977 -0.2826 -0.3380
vn -0.3269 -0.1354 -0.9353
vn -0.8977 -0.2826 0.3380
vn -0.8346 -0.4350 0.3380
vn -0.3269 -0.1354 0.9353
vn 0.9375 0.0825 -0.3380
vn 0.9375 -0.0825 -0.3380
vn 0.3539 -0.0000 -0.9353
vn 0.9375 -0.0825 0.3380
vn 0.9375 0.0825 0.3380
vn 0.3539 -0.0000 0.9353
vn -0.7337 -0.5895 -0.3380
vn -0.8254 -0.4523 -0.3380
vn -0.2942 -0.1966 -0.9353
vn -0.8254 -0.4523 0.3380
vn -0.7337 -0.5895 0.3380
vn -0.2942 -0.1966 0.9353
vn 0.9034 0.2638 -0.3380
vn 0.9356 0.1020 -0.3380
vn 0.3471 0.0690 -0.9353
vn 0.9356 0.1020 0.3380
vn 0.9034 0.2638 0.3380
vn 0.3471 0.0690 0.9353
vn -0.6046 -0.7213 -0.3380
vn -0.7213 -0.6046 -0.3380
vn -0.2502 -0.2502 -0.9353
vn -0.7213 -0.6046 0.3380
vn -0.6046 -0.7213 0.3380
vn -0.2502 -0.2502 0.9353
vn -0.5895 -0.7337 0.3380
vn -0.4523 -0.8254 0.3380
vn -0.1966 -0.2942 0.9353
vn 0.8977 0.2826 0.3380
vn 0.8346 0.4350 0.3380
vn 0.3269 0.1354 0.9353
vn 0.0825 0.9375 0.3380
vn -0.0825 0.9375 0.3380
vn -0.0000 0.3539 0.9353
vn 0.8977 0.2826 -0.3380
vn 0.3269 0.1354 -0.9353
vn 0.8346 0.4350 -0.3380
vn -0.5895 -0.7337 -0.3380
vn -0.1966 -0.2942 -0.9353
vn -0.4523 -0.8254 -0.3380
vn 0.0825 0.9375 -0.3380
vn -0.0000 0.3539 -0.9353
vn -0.0825 0.9375 -0.3380
vn 0.8081 0.5890 -0.0000
vn 0.8534 0.5212 -0.0000
vn -0.3447 -0.9387 -0.0000
vn -0.4200 -0.9075 -0.0000
vn -0.2349 0.9720 -0.0000
vn -0.1549 0.9879 -0.0000
vn 0.6777 0.7353 -0.0000
vn 0.7353 0.6777 -0.0000
vn -0.1549 -0.9879 -0.0000
vn -0.2349 -0.9720 -0.0000
vn -0.4200 0.9075 -0.0000
vn -0.3447 0.9387 -0.0000
vn 0.5212 0.8534 -0.0000
vn 0.5890 0.8081 -0.0000
vn 0.0408 -0.9992 -0.0000
vn -0.0408 -0.9992 -0.0000
vn -0.5890 0.8081 -0.0000
vn -0.5212 0.8534 -0.0000
vn 0.3447 0.9387 -0.0000
vn 0.4200 0.9075 -0.0000
vn 0.2349 -0.9720 -0.0000
vn 0.1549 -0.9879 -0.0000
vn -0.7353 0.6777 -0.0000
vn -0.6777 0.7353 -0.0000
vn 0.1549 0.9879 -0.0000
vn 0.2349 0.9720 -0.0000
vn 0.4200 -0.9075 -0.0000
vn 0.3447 -0.9387 -0.0000
vn -0.8534 0.5212 -0.0000
vn -0.8081 0.5890 -0.0000
vn 0.5890 -0.8081 -0.0000
vn 0.5212 -0.8534 -0.0000
vn -0.9387 0.3447 -0.0000
vn -0.9075 0.4200 -0.0000
vn 0.7353 -0.6777 -0.0000
vn 0.6777 -0.7353 -0.0000
vn -0.9879 0.1549 -0.0000
vn -0.9720 0.2349 -0.0000
vn 0.8534 -0.5212 -0.0000
vn 0.8081 -0.5890 -0.0000
vn -0.9992 -0.0408 -0.0000
vn -0.9992 0.0408 -0.0000
vn 0.9387 -0.3447 -0.0000
vn 0.9075 -0.4200 -0.0000
vn -0.9720 -0.2349 -0.0000
vn -0.9879 -0.1549 -0.0000
vn 0.9879 -0.1549 -0.0000
vn 0.9720 -0.2349 -0.0000
vn -0.9075 -0.4200 -0.0000
vn -0.9387 -0.3447 -0.0000
vn 0.9992 0.0408 -0.0000
vn 0.9992 -0.0408 -0.0000
vn -0.8081 -0.5890 -0.0000
vn -0.8534 -0.5212 -0.0000
vn 0.9720 0.2349 -0.0000
vn 0.9879 0.1549 -0.0000
vn -0.6777 -0.7353 -0.0000
vn -0.7353 -0.6777 -0.0000
vn -0.1629 -0.1985 0.9665
vn -0.5813 -0.7084 0.4003
vn 0.2457 0.0745 0.9665
vn 0.8769 0.2660 0.4003
vn -0.1985 -0.1629 0.9665
vn -0.7084 -0.5813 0.4003
vn 0.2556 0.0252 0.9665
vn 0.9120 0.0898 0.4003
vn -0.2265 -0.1211 0.9665
vn -0.8082 -0.4320 0.4003
vn 0.2556 -0.0252 0.9665
vn 0.9120 -0.0898 0.4003
vn -0.2457 -0.0745 0.9665
vn -0.8769 -0.2660 0.4003
vn 0.2457 -0.0745 0.9665
vn 0.8769 -0.2660 0.4003
vn -0.2556 -0.0252 0.9665
vn -0.9120 -0.0898 0.4003
vn 0.2265 -0.1211 0.9665
vn 0.8082 -0.4320 0.4003
vn -0.2556 0.0252 0.9665
vn -0.9120 0.0898 0.4003
vn 0.1985 -0.1629 0.9665
vn 0.7084 -0.5813 0.4003
vn -0.2457 0.0745 0.9665
vn -0.8769 0.2660 0.4003
vn 0.1629 -0.1985 0.9665
vn 0.5813 -0.7084 0.4003
vn -0.2265 0.1211 0.9665
vn -0.8082 0.4320 0.4003
vn 0.1211 -0.2265 0.9665
vn 0.4320 -0.8082 0.4003
vn 0.0252 0.2556 0.9665
vn 0.0898 0.9120 0.4003
vn -0.1985 0.1629 0.9665
vn -0.7084 0.5813 0.4003
vn 0.0745 -0.2457 0.9665
vn 0.2660 -0.8769 0.4003
vn 0.0745 0.2457 0.9665
vn 0.2660 0.8769 0.4003
vn -0.1629 0.1985 0.9665
vn -0.5813 0.7084 0.4003
vn 0.0252 -0.2556 0.9665
vn 0.0898 -0.9120 0.4003
vn 0.1211 0.2265 0.9665
vn 0.4320 0.8082 0.4003
vn -0.1211 0.2265 0.9665
vn -0.4320 0.8082 0.4003
vn -0.0252 -0.2556 0.9665
vn -0.0898 -0.9120 0.4003
vn 0.1629 0.1985 0.9665
vn 0.5813 0.7084 0.4003
vn -0.0745 0.2457 0.9665
vn -0.2660 0.8769 0.4003
vn -0.0745 -0.2457 0.9665
vn -0.2660 -0.8769 0.4003
vn 0.1985 0.1629 0.9665
vn 0.7084 0.5813 0.4003
vn -0.0252 0.2556 0.9665
vn -0.0898 0.9120 0.4003
vn -0.1211 -0.2265 0.9665
vn -0.4320 -0.8082 0.4003
vn 0.2265 0.1211 0.9665
vn 0.8082 0.4320 0.4003
vn 0.9387 0.3447 -0.0000
vn 0.9075 0.4200 -0.0000
vn -0.5890 -0.8081 -0.0000
vn -0.5212 -0.8534 -0.0000
vn 0.0408 0.9992 -0.0000
vn -0.0408 0.9992 -0.0000
vn 0.8082 0.4320 -0.4003
vn 0.2265 0.1211 -0.9665
vn -0.4320 -0.8082 -0.4003
vn -0.1211 -0.2265 -0.9665
vn -0.0898 0.9120 -0.4003
vn -0.0252 0.2556 -0.9665
vn 0.7084 0.5813 -0.4003
vn 0.1985 0.1629 -0.9665
vn -0.2660 -0.8769 -0.4003
vn -0.0745 -0.2457 -0.9665
vn -0.2660 0.8769 -0.4003
vn -0.0745 0.2457 -0.9665
vn 0.5813 0.7084 -0.4003
vn 0.1629 0.1985 -0.9665
vn -0.0898 -0.9120 -0.4003
vn -0.0252 -0.2556 -0.9665
vn -0.4320 0.8082 -0.4003
vn -0.1211 0.2265 -0.9665
vn 0.4320 0.8082 -0.4003
vn 0.1211 0.2265 -0.9665
vn 0.0898 -0.9120 -0.4003
vn 0.0252 -0.2556 -0.9665
vn -0.5813 0.7084 -0.4003
vn -0.1629 0.1985 -0.9665
vn 0.2660 0.8769 -0.4003
vn 0.0745 0.2457 -0.9665
vn 0.2660 -0.8769 -0.4003
vn 0.0745 -0.2457 -0.9665
vn -0.7084 0.5813 -0.4003
vn -0.1985 0.1629 -0.9665
vn 0.0898 0.9120 -0.4003
vn 0.0252 0.2556 -0.9665
vn 0.4320 -0.8082 -0.4003
vn 0.1211 -0.2265 -0.9665
vn -0.8082 0.4320 -0.4003
vn -0.2265 0.1211 -0.9665
vn 0.5813 -0.7084 -0.4003
vn 0.1629 -0.1985 -0.9665
vn -0.8769 0.2660 -0.4003
vn -0.2457 0.0745 -0.9665
vn 0.7084 -0.5813 -0.4003
vn 0.1985 -0.1629 -0.9665
vn -0.9120 0.0898 -0.4003
vn -0.2556 0.0252 -0.9665
vn 0.8082 -0.4320 -0.4003
vn 0.2265 -0.1211 -0.9665
vn -0.9120 -0.0898 -0.4003
vn -0.2556 -0.0252 -0.9665
vn 0.8769 -0.2660 -0.4003
vn 0.2457 -0.0745 -0.9665
vn -0.8769 -0.2660 -0.4003
vn -0.2457 -0.0745 -0.9665
vn 0.9120 -0.0898 -0.4003
vn 0.2556 -0.0252 -0.9665
vn -0.8082 -0.4320 -0.4003
vn -0.2265 -0.1211 -0.9665
vn 0.9120 0.0898 -0.4003
vn 0.2556 0.0252 -0.9665
vn -0.7084 -0.5813 -0.4003
vn -0.1985 -0.1629 -0.9665
vn 0.8769 0.2660 -0.4003
vn 0.2457 0.0745 -0.9665
vn -0.5813 -0.7084 -0.4003
vn -0.1629 -0.1985 -0.9665
vn -0.1337 -0.0715 -0.9884
vn -0.1172 -0.0962 -0.9884
vn -0.1337 -0.0715 0.9884
vn -0.1172 -0.0962 0.9884
vn 0.0715 0.1337 -0.9884
vn 0.0440 0.1450 -0.9884
vn 0.0715 0.1337 0.9884
vn 0.0440 0.1450 0.9884
vn 0.0149 -0.1508 -0.9884
vn 0.0440 -0.1450 -0.9884
vn 0.0149 -0.1508 0.9884
vn 0.0440 -0.1450 0.9884
vn -0.0962 -0.1172 -0.9884
vn -0.0962 -0.1172 0.9884
vn 0.0149 0.1508 -0.9884
vn 0.0149 0.1508 0.9884
vn 0.0715 -0.1337 -0.9884
vn 0.0715 -0.1337 0.9884
vn -0.0715 -0.1337 -0.9884
vn -0.0715 -0.1337 0.9884
vn -0.0149 0.1508 -0.9884
vn -0.0149 0.1508 0.9884
vn 0.0962 -0.1172 -0.9884
vn 0.0962 -0.1172 0.9884
vn -0.0440 -0.1450 -0.9884
vn -0.0440 -0.1450 0.9884
vn -0.0440 0.1450 -0.9884
vn -0.0440 0.1450 0.9884
vn 0.1172 -0.0962 -0.9884
vn 0.1172 -0.0962 0.9884
vn -0.0149 -0.1508 -0.9884
vn -0.0149 -0.1508 0.9884
vn -0.0715 0.1337 -0.9884
vn -0.0715 0.1337 0.9884
vn 0.1337 -0.0715 -0.9884
vn 0.1337 -0.0715 0.9884
vn -0.0962 0.1172 -0.9884
vn -0.0962 0.1172 0.9884
vn 0.1450 -0.0440 -0.9884
vn 0.1450 -0.0440 0.9884
vn -0.1172 0.0962 -0.9884
vn -0.1172 0.0962 0.9884
vn 0.1508 -0.0149 -0.9884
vn 0.1508 -0.0149 0.9884
vn -0.1337 0.0715 -0.9884
vn -0.1337 0.0715 0.9884
vn 0.1508 0.0149 -0.9884
vn 0.1508 0.0149 0.9884
vn -0.1450 0.0440 -0.9884
vn -0.1450 0.0440 0.9884
vn 0.1450 0.0440 -0.9884
vn 0.1450 0.0440 0.9884
vn -0.1508 0.0149 -0.9884
vn -0.1508 0.0149 0.9884
vn 0.1337 0.0715 -0.9884
vn 0.1337 0.0715 0.9884
vn -0.1508 -0.0149 -0.9884
vn -0.1508 -0.0149 0.9884
vn 0.1172 0.0962 -0.9884
vn 0.1172 0.0962 0.9884
vn -0.1450 -0.0440 -0.9884
vn -0.1450 -0.0440 0.9884
vn 0.0962 0.1172 -0.9884
vn 0.0962 0.1172 0.9884
vn -0.0000 -0.9675 0.2529
vn 0.0463 -0.8558 0.5153
vn -0.0463 -0.8558 0.5153
vn -0.0000 -0.7086 0.7056
vn -0.0357 -0.2100 0.9771
vn 0.0021 -0.2440 0.9698
vn 0.0128 -0.5117 0.8590
vn 0.0164 -0.3930 0.9194
vn 0.0357 -0.2100 0.9771
vn -0.0128 -0.5117 0.8590
vn -0.0021 -0.2440 0.9698
vn -0.0164 -0.3930 0.9194
vn 0.0059 -0.2129 0.9771
vn 0.0497 -0.2389 0.9698
vn 0.1124 -0.4994 0.8590
vn 0.0927 -0.3822 0.9194
vn 0.0760 -0.1990 0.9771
vn 0.0873 -0.5044 0.8590
vn 0.0455 -0.2397 0.9698
vn 0.0606 -0.3886 0.9194
vn 0.1887 -0.9489 0.2529
vn 0.2124 -0.8303 0.5153
vn 0.1215 -0.8484 0.5153
vn 0.1382 -0.6950 0.7056
vn 0.0474 -0.2076 0.9771
vn 0.0953 -0.2246 0.9698
vn 0.2077 -0.4679 0.8590
vn 0.1655 -0.3568 0.9194
vn 0.1133 -0.1803 0.9771
vn 0.1840 -0.4777 0.8590
vn 0.0914 -0.2262 0.9698
vn 0.1353 -0.3693 0.9194
vn 0.3702 -0.8938 0.2529
vn 0.3703 -0.7729 0.5153
vn 0.2847 -0.8083 0.5153
vn 0.2712 -0.6547 0.7056
vn 0.0870 -0.1944 0.9771
vn 0.1373 -0.2017 0.9698
vn 0.2950 -0.4184 0.8590
vn 0.2319 -0.3177 0.9194
vn 0.1463 -0.1547 0.9771
vn 0.2736 -0.4326 0.8590
vn 0.1338 -0.2041 0.9698
vn 0.2047 -0.3358 0.9194
vn 0.5375 -0.8044 0.2529
vn 0.5139 -0.6858 0.5153
vn 0.4369 -0.7373 0.5153
vn 0.3937 -0.5892 0.7056
vn 0.1232 -0.1737 0.9771
vn 0.1740 -0.1711 0.9698
vn 0.3709 -0.3528 0.8590
vn 0.2894 -0.2663 0.9194
vn 0.1737 -0.1232 0.9771
vn 0.3528 -0.3709 0.8590
vn 0.1711 -0.1740 0.9698
vn 0.2663 -0.2894 0.9194
vn 0.6841 -0.6841 0.2529
vn 0.6379 -0.5724 0.5153
vn 0.5724 -0.6379 0.5153
vn 0.5011 -0.5011 0.7056
vn 0.1547 -0.1463 0.9771
vn 0.2041 -0.1338 0.9698
vn 0.4326 -0.2736 0.8591
vn 0.3358 -0.2047 0.9194
vn 0.1944 -0.0870 0.9771
vn 0.4184 -0.2950 0.8590
vn 0.2017 -0.1373 0.9698
vn 0.3177 -0.2319 0.9194
vn 0.8044 -0.5375 0.2529
vn 0.7373 -0.4369 0.5153
vn 0.6858 -0.5139 0.5153
vn 0.5892 -0.3937 0.7056
vn 0.1803 -0.1133 0.9771
vn 0.2262 -0.0914 0.9698
vn 0.4777 -0.1840 0.8591
vn 0.3693 -0.1353 0.9194
vn 0.2076 -0.0474 0.9771
vn 0.4679 -0.2077 0.8590
vn 0.2246 -0.0953 0.9698
vn 0.3568 -0.1655 0.9194
vn 0.8938 -0.3702 0.2529
vn 0.8083 -0.2847 0.5153
vn 0.7729 -0.3703 0.5153
vn 0.6547 -0.2712 0.7056
vn 0.1990 -0.0760 0.9771
vn 0.2397 -0.0455 0.9698
vn 0.5044 -0.0873 0.8590
vn 0.3886 -0.0606 0.9194
vn 0.2129 -0.0060 0.9771
vn 0.4994 -0.1124 0.8591
vn 0.2389 -0.0497 0.9698
vn 0.3822 -0.0927 0.9194
vn 0.9489 -0.1887 0.2529
vn 0.8484 -0.1215 0.5153
vn 0.8303 -0.2124 0.5153
vn 0.6950 -0.1382 0.7056
vn 0.2100 -0.0357 0.9771
vn 0.2440 0.0021 0.9698
vn 0.5117 0.0128 0.8591
vn 0.3930 0.0164 0.9194
vn 0.2100 0.0357 0.9771
vn 0.5117 -0.0128 0.8591
vn 0.2440 -0.0021 0.9698
vn 0.3930 -0.0164 0.9194
vn 0.9675 -0.0000 0.2529
vn 0.8558 0.0463 0.5153
vn 0.8558 -0.0463 0.5153
vn 0.7086 -0.0000 0.7056
vn 0.2129 0.0060 0.9771
vn 0.2389 0.0497 0.9698
vn 0.4994 0.1124 0.8591
vn 0.3822 0.0927 0.9194
vn 0.1990 0.0760 0.9771
vn 0.5044 0.0873 0.8591
vn 0.2397 0.0455 0.9698
vn 0.3886 0.0606 0.9194
vn 0.9489 0.1887 0.2529
vn 0.8303 0.2124 0.5153
vn 0.8484 0.1215 0.5153
vn 0.6950 0.1382 0.7056
vn 0.2076 0.0474 0.9771
vn 0.2246 0.0953 0.9698
vn 0.4679 0.2077 0.8591
vn 0.3568 0.1655 0.9194
vn 0.1803 0.1133 0.9771
vn 0.4777 0.1840 0.8591
vn 0.2262 0.0914 0.9698
vn 0.3693 0.1353 0.9194
vn 0.8938 0.3702 0.2529
vn 0.7729 0.3703 0.5153
vn 0.8083 0.2847 0.5153
vn 0.6547 0.2712 0.7056
vn 0.1944 0.0870 0.9771
vn 0.2017 0.1373 0.9698
vn 0.4184 0.2950 0.8590
vn 0.3176 0.2319 0.9194
vn 0.1547 0.1463 0.9771
vn 0.4326 0.2736 0.8591
vn 0.2041 0.1338 0.9698
vn 0.3358 0.2047 0.9194
vn 0.8044 0.5375 0.2529
vn 0.6858 0.5139 0.5153
vn 0.7373 0.4369 0.5153
vn 0.5892 0.3937 0.7056
vn 0.1737 0.1232 0.9771
vn 0.1711 0.1740 0.9698
vn 0.3528 0.3709 0.8590
vn 0.2663 0.2894 0.9194
vn 0.1232 0.1737 0.9771
vn 0.3709 0.3528 0.8590
vn 0.1740 0.1711 0.9698
vn 0.2894 0.2663 0.9194
vn 0.6841 0.6841 0.2529
vn 0.5724 0.6379 0.5153
vn 0.6379 0.5724 0.5153
vn 0.5011 0.5011 0.7056
vn 0.1463 0.1547 0.9771
vn 0.1338 0.2041 0.9698
vn 0.2736 0.4326 0.8591
vn 0.2047 0.3358 0.9194
vn 0.0870 0.1944 0.9771
vn 0.2950 0.4184 0.8590
vn 0.1373 0.2017 0.9698
vn 0.2319 0.3177 0.9194
vn 0.5375 0.8044 0.2529
vn 0.4369 0.7373 0.5153
vn 0.5139 0.6858 0.5153
vn 0.3937 0.5892 0.7056
vn 0.1133 0.1803 0.9771
vn 0.0914 0.2262 0.9698
vn 0.1840 0.4777 0.8590
vn 0.1353 0.3693 0.9194
vn 0.0474 0.2076 0.9771
vn 0.2077 0.4679 0.8590
vn 0.0953 0.2246 0.9698
vn 0.1655 0.3568 0.9194
vn 0.3702 0.8938 0.2529
vn 0.2847 0.8083 0.5153
vn 0.3703 0.7729 0.5153
vn 0.2712 0.6547 0.7056
vn 0.0760 0.1990 0.9771
vn 0.0455 0.2397 0.9698
vn 0.0873 0.5044 0.8590
vn 0.0606 0.3886 0.9194
vn 0.0060 0.2129 0.9771
vn 0.1124 0.4994 0.8591
vn 0.0497 0.2389 0.9698
vn 0.0927 0.3822 0.9194
vn 0.1887 0.9489 0.2529
vn 0.1215 0.8484 0.5153
vn 0.2124 0.8303 0.5153
vn 0.1382 0.6950 0.7056
vn 0.0357 0.2100 0.9771
vn -0.0021 0.2440 0.9698
vn -0.0128 0.5117 0.8590
vn -0.0164 0.3930 0.9194
vn -0.0357 0.2100 0.9771
vn 0.0128 0.5117 0.8590
vn 0.0021 0.2440 0.9698
vn 0.0164 0.3930 0.9194
vn -0.0000 0.9675 0.2529
vn -0.0463 0.8558 0.5153
vn 0.0463 0.8558 0.5153
vn -0.0000 0.7086 0.7056
vn -0.0059 0.2129 0.9771
vn -0.0497 0.2389 0.9698
vn -0.1124 0.4994 0.8590
vn -0.0927 0.3822 0.9194
vn -0.0760 0.1990 0.9771
vn -0.0873 0.5044 0.8590
vn -0.0455 0.2397 0.9698
vn -0.0606 0.3886 0.9194
vn -0.1887 0.9489 0.2529
vn -0.2124 0.8303 0.5153
vn -0.1215 0.8484 0.5153
vn -0.1382 0.6950 0.7056
vn -0.0474 0.2076 0.9771
vn -0.0953 0.2246 0.9698
vn -0.2077 0.4679 0.8590
vn -0.1655 0.3568 0.9194
vn -0.1133 0.1803 0.9771
vn -0.1840 0.4777 0.8590
vn -0.0914 0.2262 0.9698
vn -0.1353 0.3693 0.9194
vn -0.3702 0.8938 0.2529
vn -0.3703 0.7729 0.5153
vn -0.2847 0.8083 0.5153
vn -0.2712 0.6547 0.7056
vn -0.0870 0.1944 0.9771
vn -0.1373 0.2017 0.9698
vn -0.2950 0.4184 0.8590
vn -0.2319 0.3177 0.9194
vn -0.1463 0.1547 0.9771
vn -0.2736 0.4326 0.8590
vn -0.1338 0.2041 0.9698
vn -0.2047 0.3358 0.9194
vn -0.5375 0.8044 0.2529
vn -0.5139 0.6858 0.5153
vn -0.4369 0.7373 0.5153
vn -0.3937 0.5892 0.7056
vn -0.1232 0.1737 0.9771
vn -0.1740 0.1711 0.9698
vn -0.3709 0.3528 0.8590
vn -0.2894 0.2663 0.9194
vn -0.1737 0.1232 0.9771
vn -0.3528 0.3709 0.8590
vn -0.1711 0.1740 0.9698
vn -0.2663 0.2894 0.9194
vn -0.6841 0.6841 0.2529
vn -0.6379 0.5724 0.5153
vn -0.5724 0.6379 0.5153
vn -0.5011 0.5011 0.7056
vn -0.1547 0.1463 0.9771
vn -0.2041 0.1338 0.9698
vn -0.4326 0.2736 0.8591
vn -0.3358 0.2047 0.9194
vn -0.1944 0.0870 0.9771
vn -0.4184 0.2950 0.8590
vn -0.2017 0.1373 0.9698
vn -0.3177 0.2319 0.9194
vn -0.8044 0.5375 0.2529
vn -0.7373 0.4369 0.5153
vn -0.6858 0.5139 0.5153
vn -0.5892 0.3937 0.7056
vn -0.1803 0.1133 0.9771
vn -0.2262 0.0914 0.9698
vn -0.4777 0.1840 0.8591
vn -0.3693 0.1353 0.9194
vn -0.2076 0.0474 0.9771
vn -0.4679 0.2077 0.8590
vn -0.2246 0.0953 0.9698
vn -0.3568 0.1655 0.9194
vn -0.8938 0.3702 0.2529
vn -0.8083 0.2847 0.5153
vn -0.7729 0.3703 0.5153
vn -0.6547 0.2712 0.7056
vn -0.1990 0.0760 0.9771
vn -0.2397 0.0455 0.9698
vn -0.5044 0.0873 0.8590
vn -0.3886 0.0606 0.9194
vn -0.2129 0.0060 0.9771
vn -0.4994 0.1124 0.8591
vn -0.2389 0.0497 0.9698
vn -0.3822 0.0927 0.9194
vn -0.9489 0.1887 0.2529
vn -0.8484 0.1215 0.5153
vn -0.8303 0.2124 0.5153
vn -0.6950 0.1382 0.7056
vn -0.2100 0.0357 0.9771
vn -0.2440 -0.0021 0.9698
vn -0.5117 -0.0128 0.8591
vn -0.3930 -0.0164 0.9194
vn -0.2100 -0.0357 0.9771
vn -0.5117 0.0128 0.8591
vn -0.2440 0.0021 0.9698
vn -0.3930 0.0164 0.9194
vn -0.9675 -0.0000 0.2529
vn -0.8558 -0.0463 0.5153
vn -0.8558 0.0463 0.5153
vn -0.7086 -0.0000 0.7056
vn -0.2129 -0.0060 0.9771
vn -0.2389 -0.0497 0.9698
vn -0.4994 -0.1124 0.8591
vn -0.3822 -0.0927 0.9194
vn -0.1990 -0.0760 0.9771
vn -0.5044 -0.0873 0.8591
vn -0.2397 -0.0455 0.9698
vn -0.3886 -0.0606 0.9194
vn -0.9489 -0.1887 0.2529
vn -0.8303 -0.2124 0.5153
vn -0.8484 -0.1215 0.5153
vn -0.6950 -0.1382 0.7056
vn -0.2076 -0.0474 0.9771
vn -0.2246 -0.0953 0.9698
vn -0.4679 -0.2077 0.8591
vn -0.3568 -0.1655 0.9194
vn -0.1803 -0.1133 0.9771
vn -0.4777 -0.1840 0.8591
vn -0.2262 -0.0914 0.9698
vn -0.3693 -0.1353 0.9194
vn -0.8938 -0.3702 0.2529
vn -0.7729 -0.3703 0.5153
vn -0.8083 -0.2847 0.5153
vn -0.6547 -0.2712 0.7056
vn -0.1944 -0.0870 0.9771
vn -0.2017 -0.1373 0.9698
vn -0.4184 -0.2950 0.8590
vn -0.3176 -0.2319 0.9194
vn -0.1547 -0.1463 0.9771
vn -0.4326 -0.2736 0.8591
vn -0.2041 -0.1338 0.9698
vn -0.3358 -0.2047 0.9194
vn -0.8044 -0.5375 0.2529
vn -0.6858 -0.5139 0.5153
vn -0.7373 -0.4369 0.5153
vn -0.5892 -0.3937 0.7056
vn -0.1737 -0.1232 0.9771
vn -0.1711 -0.1740 0.9698
vn -0.3528 -0.3709 0.8591
vn -0.2663 -0.2894 0.9194
vn -0.1232 -0.1737 0.9771
vn -0.3709 -0.3528 0.8591
vn -0.1740 -0.1711 0.9698
vn -0.2894 -0.2663 0.9194
vn -0.6841 -0.6841 0.2529
vn -0.5724 -0.6379 0.5153
vn -0.6379 -0.5724 0.5153
vn -0.5011 -0.5011 0.7056
vn -0.1463 -0.1547 0.9771
vn -0.1338 -0.2041 0.9698
vn -0.2736 -0.4326 0.8590
vn -0.2047 -0.3358 0.9194
vn -0.0870 -0.1944 0.9771
vn -0.2950 -0.4184 0.8590
vn -0.1373 -0.2017 0.9698
vn -0.2319 -0.3177 0.9194
vn -0.5375 -0.8044 0.2529
vn -0.4369 -0.7373 0.5153
vn -0.5139 -0.6858 0.5153
vn -0.3937 -0.5892 0.7056
vn -0.1133 -0.1803 0.9771
vn -0.0914 -0.2262 0.9698
vn -0.1840 -0.4777 0.8590
vn -0.1353 -0.3693 0.9194
vn -0.0474 -0.2076 0.9771
vn -0.2077 -0.4679 0.8590
vn -0.0953 -0.2246 0.9698
vn -0.1655 -0.3568 0.9194
vn -0.3702 -0.8938 0.2529
vn -0.2847 -0.8083 0.5153
vn -0.3703 -0.7729 0.5153
vn -0.2712 -0.6547 0.7056
vn -0.0760 -0.1990 0.9771
vn -0.0455 -0.2397 0.9698
vn -0.0873 -0.5044 0.8590
vn -0.0606 -0.3886 0.9194
vn -0.0060 -0.2129 0.9771
vn -0.1124 -0.4994 0.8590
vn -0.0497 -0.2389 0.9698
vn -0.0927 -0.3822 0.9194
vn -0.1887 -0.9489 0.2529
vn -0.1215 -0.8484 0.5153
vn -0.2124 -0.8303 0.5153
vn -0.1382 -0.6950 0.7056
vn -0.0504 0.1993 0.9786
vn -0.0395 0.4853 0.8735
vn -0.0328 0.2290 0.9729
vn -0.0428 0.3722 0.9272
vn -0.1831 0.9205 0.3453
vn -0.2363 0.7856 0.5718
vn -0.0823 0.8163 0.5718
vn -0.1324 0.6659 0.7342
vn -0.0297 0.2034 0.9787
vn -0.0573 0.2241 0.9729
vn -0.1492 0.4635 0.8735
vn -0.1029 0.3602 0.9272
vn 0.0105 0.2053 0.9786
vn -0.0125 0.2310 0.9729
vn -0.0559 0.4837 0.8735
vn -0.0307 0.3734 0.9272
vn -0.0105 0.2053 0.9786
vn 0.0559 0.4837 0.8735
vn 0.0125 0.2310 0.9729
vn 0.0307 0.3734 0.9272
vn -0.0000 0.9385 0.3453
vn -0.0785 0.8167 0.5718
vn 0.0785 0.8166 0.5718
vn -0.0000 0.6789 0.7342
vn -0.0883 0.1856 0.9786
vn -0.1334 0.4682 0.8735
vn -0.0769 0.2182 0.9729
vn -0.1145 0.3567 0.9272
vn -0.3591 0.8671 0.3453
vn -0.3851 0.7244 0.5718
vn -0.2400 0.7845 0.5718
vn -0.2598 0.6272 0.7342
vn -0.0688 0.1937 0.9787
vn -0.0999 0.2086 0.9729
vn -0.2368 0.4254 0.8735
vn -0.1712 0.3332 0.9272
vn -0.1228 0.1648 0.9787
vn -0.2222 0.4332 0.8735
vn -0.1180 0.1990 0.9729
vn -0.1819 0.3275 0.9272
vn -0.5214 0.7803 0.3453
vn -0.5190 0.6354 0.5718
vn -0.3884 0.7227 0.5718
vn -0.3772 0.5645 0.7342
vn -0.1053 0.1765 0.9787
vn -0.1387 0.1851 0.9729
vn -0.3152 0.3711 0.8735
vn -0.2330 0.2934 0.9272
vn -0.1526 0.1377 0.9787
vn -0.3025 0.3815 0.8735
vn -0.1545 0.1722 0.9729
vn -0.2423 0.2857 0.9272
vn -0.6636 0.6636 0.3453
vn -0.6330 0.5219 0.5718
vn -0.5219 0.6330 0.5718
vn -0.4801 0.4801 0.7342
vn -0.1377 0.1526 0.9787
vn -0.1722 0.1545 0.9729
vn -0.3815 0.3025 0.8735
vn -0.2857 0.2423 0.9272
vn -0.1765 0.1053 0.9787
vn -0.3711 0.3152 0.8735
vn -0.1851 0.1387 0.9729
vn -0.2934 0.2330 0.9272
vn -0.7803 0.5214 0.3453
vn -0.7227 0.3884 0.5718
vn -0.6354 0.5190 0.5718
vn -0.5645 0.3772 0.7342
vn -0.1648 0.1228 0.9786
vn -0.1990 0.1180 0.9729
vn -0.4332 0.2222 0.8735
vn -0.3275 0.1819 0.9272
vn -0.1937 0.0688 0.9787
vn -0.4255 0.2367 0.8735
vn -0.2086 0.0999 0.9729
vn -0.3332 0.1712 0.9272
vn -0.8671 0.3591 0.3453
vn -0.7845 0.2400 0.5718
vn -0.7244 0.3851 0.5718
vn -0.6272 0.2598 0.7342
vn -0.1856 0.0883 0.9787
vn -0.2182 0.0769 0.9729
vn -0.4683 0.1334 0.8735
vn -0.3567 0.1145 0.9272
vn -0.2034 0.0297 0.9787
vn -0.4635 0.1492 0.8735
vn -0.2241 0.0573 0.9729
vn -0.3602 0.1029 0.9272
vn -0.9205 0.1831 0.3453
vn -0.8163 0.0823 0.5718
vn -0.7856 0.2363 0.5718
vn -0.6659 0.1325 0.7342
vn -0.1993 0.0504 0.9786
vn -0.2290 0.0328 0.9729
vn -0.4853 0.0395 0.8735
vn -0.3722 0.0427 0.9272
vn -0.2053 -0.0105 0.9786
vn -0.4837 0.0559 0.8735
vn -0.2310 0.0125 0.9729
vn -0.3734 0.0307 0.9272
vn -0.9385 -0.0000 0.3453
vn -0.8167 -0.0785 0.5718
vn -0.8167 0.0785 0.5718
vn -0.6789 -0.0000 0.7342
vn -0.2053 0.0105 0.9786
vn -0.2310 -0.0125 0.9729
vn -0.4837 -0.0559 0.8735
vn -0.3734 -0.0307 0.9272
vn -0.1993 -0.0504 0.9787
vn -0.4853 -0.0395 0.8735
vn -0.2290 -0.0328 0.9729
vn -0.3722 -0.0427 0.9272
vn -0.9205 -0.1831 0.3453
vn -0.7856 -0.2363 0.5718
vn -0.8163 -0.0823 0.5718
vn -0.6659 -0.1324 0.7342
vn -0.2034 -0.0297 0.9787
vn -0.2241 -0.0573 0.9729
vn -0.4635 -0.1492 0.8735
vn -0.3602 -0.1029 0.9272
vn -0.1856 -0.0883 0.9787
vn -0.4682 -0.1334 0.8735
vn -0.2182 -0.0769 0.9729
vn -0.3567 -0.1145 0.9272
vn -0.8671 -0.3591 0.3453
vn -0.7244 -0.3851 0.5718
vn -0.7845 -0.2400 0.5718
vn -0.6272 -0.2598 0.7342
vn -0.1937 -0.0688 0.9786
vn -0.2086 -0.0999 0.9729
vn -0.4254 -0.2368 0.8735
vn -0.3332 -0.1712 0.9272
vn -0.1648 -0.1228 0.9787
vn -0.4332 -0.2222 0.8735
vn -0.1990 -0.1180 0.9729
vn -0.3275 -0.1819 0.9272
vn -0.7803 -0.5214 0.3453
vn -0.6354 -0.5190 0.5718
vn -0.7226 -0.3884 0.5718
vn -0.5645 -0.3772 0.7342
vn -0.1765 -0.1053 0.9787
vn -0.1851 -0.1387 0.9729
vn -0.3711 -0.3152 0.8735
vn -0.2934 -0.2330 0.9272
vn -0.1377 -0.1526 0.9787
vn -0.3815 -0.3025 0.8735
vn -0.1721 -0.1545 0.9729
vn -0.2857 -0.2423 0.9272
vn -0.6636 -0.6636 0.3453
vn -0.5219 -0.6330 0.5718
vn -0.6330 -0.5219 0.5718
vn -0.4801 -0.4801 0.7342
vn -0.1526 -0.1377 0.9787
vn -0.1545 -0.1722 0.9729
vn -0.3025 -0.3815 0.8735
vn -0.2423 -0.2857 0.9272
vn -0.5214 -0.7803 0.3453
vn -0.3884 -0.7227 0.5718
vn -0.5190 -0.6354 0.5718
vn -0.3772 -0.5645 0.7342
vn -0.1228 -0.1648 0.9787
vn -0.1180 -0.1990 0.9729
vn -0.2222 -0.4332 0.8735
vn -0.1819 -0.3275 0.9272
vn -0.1053 -0.1765 0.9787
vn -0.3152 -0.3711 0.8735
vn -0.1387 -0.1851 0.9729
vn -0.2330 -0.2934 0.9272
vn -0.0688 -0.1937 0.9787
vn -0.2368 -0.4254 0.8735
vn -0.0999 -0.2086 0.9729
vn -0.1712 -0.3332 0.9272
vn -0.3591 -0.8671 0.3453
vn -0.2400 -0.7845 0.5718
vn -0.3851 -0.7244 0.5718
vn -0.2598 -0.6272 0.7342
vn -0.0883 -0.1856 0.9787
vn -0.0769 -0.2182 0.9729
vn -0.1334 -0.4682 0.8735
vn -0.1145 -0.3567 0.9272
vn -0.0297 -0.2034 0.9787
vn -0.1492 -0.4635 0.8735
vn -0.0573 -0.2241 0.9729
vn -0.1029 -0.3602 0.9272
vn -0.1831 -0.9205 0.3453
vn -0.0823 -0.8163 0.5718
vn -0.2363 -0.7856 0.5718
vn -0.1325 -0.6659 0.7342
vn -0.0504 -0.1993 0.9786
vn -0.0328 -0.2290 0.9729
vn -0.0395 -0.4853 0.8735
vn -0.0427 -0.3722 0.9272
vn 0.0105 -0.2053 0.9786
vn -0.0559 -0.4837 0.8735
vn -0.0125 -0.2310 0.9729
vn -0.0307 -0.3734 0.9272
vn -0.0000 -0.9385 0.3453
vn 0.0785 -0.8167 0.5718
vn -0.0785 -0.8166 0.5718
vn -0.0000 -0.6789 0.7342
vn -0.0105 -0.2053 0.9786
vn 0.0125 -0.2310 0.9729
vn 0.0559 -0.4837 0.8735
vn 0.0307 -0.3734 0.9272
vn 0.0504 -0.1993 0.9786
vn 0.0395 -0.4853 0.8735
vn 0.0328 -0.2290 0.9729
vn 0.0428 -0.3722 0.9272
vn 0.1831 -0.9205 0.3453
vn 0.2363 -0.7856 0.5718
vn 0.0823 -0.8163 0.5718
vn 0.1324 -0.6659 0.7342
vn 0.0297 -0.2034 0.9787
vn 0.0573 -0.2241 0.9729
vn 0.1492 -0.4635 0.8735
vn 0.1029 -0.3602 0.9272
vn 0.0883 -0.1856 0.9786
vn 0.1334 -0.4682 0.8735
vn 0.0769 -0.2182 0.9729
vn 0.1145 -0.3567 0.9272
vn 0.3591 -0.8671 0.3453
vn 0.3851 -0.7244 0.5718
vn 0.2400 -0.7845 0.5718
vn 0.2598 -0.6272 0.7342
vn 0.0688 -0.1937 0.9787
vn 0.0999 -0.2086 0.9729
vn 0.2368 -0.4254 0.8735
vn 0.1712 -0.3332 0.9272
vn 0.1228 -0.1648 0.9787
vn 0.2222 -0.4332 0.8735
vn 0.1180 -0.1990 0.9729
vn 0.1819 -0.3275 0.9272
vn 0.5214 -0.7803 0.3453
vn 0.5190 -0.6354 0.5718
vn 0.3884 -0.7227 0.5718
vn 0.3772 -0.5645 0.7342
vn 0.1053 -0.1765 0.9787
vn 0.1387 -0.1851 0.9729
vn 0.3152 -0.3711 0.8735
vn 0.2330 -0.2934 0.9272
vn 0.1526 -0.1377 0.9787
vn 0.3025 -0.3815 0.8735
vn 0.1545 -0.1722 0.9729
vn 0.2423 -0.2857 0.9272
vn 0.6636 -0.6636 0.3453
vn 0.6330 -0.5219 0.5718
vn 0.5219 -0.6330 0.5718
vn 0.4801 -0.4801 0.7342
vn 0.1377 -0.1526 0.9787
vn 0.1722 -0.1545 0.9729
vn 0.3815 -0.3025 0.8735
vn 0.2857 -0.2423 0.9272
vn 0.1765 -0.1053 0.9787
vn 0.3711 -0.3152 0.8735
vn 0.1851 -0.1387 0.9729
vn 0.2934 -0.2330 0.9272
vn 0.7803 -0.5214 0.3453
vn 0.7227 -0.3884 0.5718
vn 0.6354 -0.5190 0.5718
vn 0.5645 -0.3772 0.7342
vn 0.1648 -0.1228 0.9786
vn 0.1990 -0.1180 0.9729
vn 0.4332 -0.2222 0.8735
vn 0.3275 -0.1819 0.9272
vn 0.1937 -0.0688 0.9787
vn 0.4255 -0.2367 0.8735
vn 0.2086 -0.0999 0.9729
vn 0.3332 -0.1712 0.9272
vn 0.8671 -0.3591 0.3453
vn 0.7845 -0.2400 0.5718
vn 0.7244 -0.3851 0.5718
vn 0.6272 -0.2598 0.7342
vn 0.1856 -0.0883 0.9787
vn 0.2182 -0.0769 0.9729
vn 0.4683 -0.1334 0.8735
vn 0.3567 -0.1145 0.9272
vn 0.2034 -0.0297 0.9787
vn 0.4635 -0.1492 0.8735
vn 0.2241 -0.0573 0.9729
vn 0.3602 -0.1029 0.9272
vn 0.9205 -0.1831 0.3453
vn 0.8163 -0.0823 0.5718
vn 0.7856 -0.2363 0.5718
vn 0.6659 -0.1325 0.7342
vn 0.1993 -0.0504 0.9786
vn 0.2290 -0.0328 0.9729
vn 0.4853 -0.0395 0.8735
vn 0.3722 -0.0427 0.9272
vn 0.2053 0.0105 0.9786
vn 0.4837 -0.0559 0.8735
vn 0.2310 -0.0125 0.9729
vn 0.3734 -0.0307 0.9272
vn 0.9385 -0.0000 0.3453
vn 0.8167 0.0785 0.5718
vn 0.8167 -0.0785 0.5718
vn 0.6789 -0.0000 0.7342
vn 0.2053 -0.0105 0.9786
vn 0.2310 0.0125 0.9729
vn 0.4837 0.0559 0.8735
vn 0.3734 0.0307 0.9272
vn 0.1993 0.0504 0.9787
vn 0.4853 0.0395 0.8735
vn 0.2290 0.0328 0.9729
vn 0.3722 0.0427 0.9272
vn 0.9205 0.1831 0.3453
vn 0.7856 0.2363 0.5718
vn 0.8163 0.0823 0.5718
vn 0.6659 0.1324 0.7342
vn 0.2034 0.0297 0.9787
vn 0.2241 0.0573 0.9729
vn 0.4635 0.1492 0.8735
vn 0.3602 0.1029 0.9272
vn 0.8671 0.3591 0.3453
vn 0.7244 0.3851 0.5718
vn 0.7845 0.2400 0.5718
vn 0.6272 0.2598 0.7342
vn 0.1937 0.0688 0.9786
vn 0.2086 0.0999 0.9729
vn 0.4254 0.2368 0.8735
vn 0.3332 0.1712 0.9272
vn 0.1856 0.0883 0.9787
vn 0.4682 0.1334 0.8735
vn 0.2182 0.0769 0.9729
vn 0.3567 0.1145 0.9272
vn 0.1648 0.1228 0.9787
vn 0.4332 0.2222 0.8735
vn 0.1990 0.1180 0.9729
vn 0.3275 0.1819 0.9272
vn 0.7803 0.5214 0.3453
vn 0.6354 0.5190 0.5718
vn 0.7226 0.3884 0.5718
vn 0.5645 0.3772 0.7342
vn 0.1765 0.1053 0.9787
vn 0.1851 0.1387 0.9729
vn 0.3711 0.3152 0.8735
vn 0.2934 0.2330 0.9272
vn 0.1377 0.1526 0.9787
vn 0.3815 0.3025 0.8735
vn 0.1721 0.1545 0.9729
vn 0.2857 0.2423 0.9272
vn 0.6636 0.6636 0.3453
vn 0.5219 0.6330 0.5718
vn 0.6330 0.5219 0.5718
vn 0.4801 0.4801 0.7342
vn 0.1526 0.1377 0.9787
vn 0.1545 0.1722 0.9729
vn 0.3025 0.3815 0.8735
vn 0.2423 0.2857 0.9272
vn 0.1053 0.1765 0.9787
vn 0.3152 0.3711 0.8735
vn 0.1387 0.1851 0.9729
vn 0.2330 0.2934 0.9272
vn 0.5214 0.7803 0.3453
vn 0.3884 0.7227 0.5718
vn 0.5190 0.6354 0.5718
vn 0.3772 0.5645 0.7342
vn 0.1228 0.1648 0.9787
vn 0.1180 0.1990 0.9729
vn 0.2222 0.4332 0.8735
vn 0.1819 0.3275 0.9272
vn 0.0688 0.1937 0.9787
vn 0.2368 0.4254 0.8735
vn 0.0999 0.2086 0.9729
vn 0.1712 0.3332 0.9272
vn 0.3591 0.8671 0.3453
vn 0.2400 0.7845 0.5718
vn 0.3851 0.7244 0.5718
vn 0.2598 0.6272 0.7342
vn 0.0883 0.1856 0.9787
vn 0.0769 0.2182 0.9729
vn 0.1334 0.4682 0.8735
vn 0.1145 0.3567 0.9272
vn 0.0297 0.2034 0.9787
vn 0.1492 0.4635 0.8735
vn 0.0573 0.2241 0.9729
vn 0.1029 0.3602 0.9272
vn 0.1831 0.9205 0.3453
vn 0.0823 0.8163 0.5718
vn 0.2363 0.7856 0.5718
vn 0.1325 0.6659 0.7342
vn 0.0504 0.1993 0.9786
vn 0.0328 0.2290 0.9729
vn 0.0395 0.4853 0.8735
vn 0.0427 0.3722 0.9272
vn 0.0191 -0.1941 -0.9808
vn -0.0545 0.5529 0.8315
vn -0.0815 0.8275 0.5556
vn -0.0961 0.9761 0.1951
vn -0.1613 0.5316 0.8315
vn -0.2414 0.7957 0.5556
vn -0.2847 0.9386 0.1951
vn 0.0920 -0.1720 -0.9808
vn -0.2619 0.4900 0.8315
vn -0.3920 0.7333 0.5556
vn -0.4623 0.8650 0.1951
vn -0.3524 0.4295 0.8315
vn -0.5275 0.6427 0.5556
vn -0.6222 0.7582 0.1951
vn -0.4295 0.3524 0.8315
vn -0.6427 0.5275 0.5556
vn -0.7582 0.6222 0.1951
vn 0.1720 -0.0920 -0.9808
vn -0.4900 0.2619 0.8315
vn -0.7333 0.3920 0.5556
vn -0.8650 0.4623 0.1951
vn -0.5316 0.1613 0.8315
vn -0.7957 0.2414 0.5556
vn -0.9386 0.2847 0.1951
vn 0.1941 -0.0191 -0.9808
vn -0.5529 0.0545 0.8315
vn -0.8275 0.0815 0.5556
vn -0.9761 0.0961 0.1951
vn 0.1941 0.0191 -0.9808
vn -0.5529 -0.0545 0.8315
vn -0.8275 -0.0815 0.5556
vn -0.9761 -0.0961 0.1951
vn -0.5316 -0.1613 0.8315
vn -0.7957 -0.2414 0.5556
vn -0.9386 -0.2847 0.1951
vn 0.1720 0.0920 -0.9808
vn -0.4900 -0.2619 0.8315
vn -0.7333 -0.3920 0.5556
vn -0.8650 -0.4623 0.1951
vn -0.4295 -0.3524 0.8315
vn -0.6427 -0.5275 0.5556
vn -0.7582 -0.6222 0.1951
vn -0.3524 -0.4295 0.8315
vn -0.5275 -0.6427 0.5556
vn -0.6222 -0.7582 0.1951
vn -0.2619 -0.4900 0.8315
vn -0.3920 -0.7333 0.5556
vn -0.4623 -0.8650 0.1951
vn -0.1613 -0.5316 0.8315
vn -0.2414 -0.7957 0.5556
vn -0.2847 -0.9386 0.1951
vn 0.0191 0.1941 -0.9808
vn -0.0545 -0.5529 0.8315
vn -0.0815 -0.8275 0.5556
vn -0.0961 -0.9761 0.1951
vn -0.0191 0.1941 -0.9808
vn 0.0545 -0.5529 0.8315
vn 0.0815 -0.8275 0.5556
vn 0.0961 -0.9761 0.1951
vn 0.1613 -0.5316 0.8315
vn 0.2414 -0.7957 0.5556
vn 0.2847 -0.9386 0.1951
vn -0.0920 0.1720 -0.9808
vn 0.2619 -0.4900 0.8315
vn 0.3920 -0.7333 0.5556
vn 0.4623 -0.8650 0.1951
vn 0.3524 -0.4295 0.8315
vn 0.5275 -0.6427 0.5556
vn 0.6222 -0.7582 0.1951
vn 0.4295 -0.3524 0.8315
vn 0.6427 -0.5275 0.5556
vn 0.7582 -0.6222 0.1951
vn -0.1720 0.0920 -0.9808
vn 0.4900 -0.2619 0.8315
vn 0.7333 -0.3920 0.5556
vn 0.8650 -0.4623 0.1951
vn 0.5316 -0.1613 0.8315
vn 0.7957 -0.2414 0.5556
vn 0.9386 -0.2847 0.1951
vn -0.1941 0.0191 -0.9808
vn 0.5529 -0.0545 0.8315
vn 0.8275 -0.0815 0.5556
vn 0.9761 -0.0961 0.1951
vn -0.1941 -0.0191 -0.9808
vn 0.5529 0.0545 0.8315
vn 0.8275 0.0815 0.5556
vn 0.9761 0.0961 0.1951
vn 0.5316 0.1613 0.8315
vn 0.7957 0.2414 0.5556
vn 0.9386 0.2847 0.1951
vn -0.1720 -0.0920 -0.9808
vn 0.4900 0.2619 0.8315
vn 0.7333 0.3920 0.5556
vn 0.8650 0.4623 0.1951
vn 0.4295 0.3524 0.8315
vn 0.6427 0.5275 0.5556
vn 0.7582 0.6222 0.1951
vn 0.3524 0.4295 0.8315
vn 0.5275 0.6427 0.5556
vn 0.6222 0.7582 0.1951
vn -0.0920 -0.1720 -0.9808
vn 0.2619 0.4900 0.8315
vn 0.3920 0.7333 0.5556
vn 0.4623 0.8650 0.1951
vn 0.1613 0.5316 0.8315
vn 0.2414 0.7957 0.5556
vn 0.2847 0.9386 0.1951
vn -0.0191 -0.1941 -0.9808
vn 0.0545 0.5529 0.8315
vn 0.0815 0.8275 0.5556
vn 0.0961 0.9761 0.1951
vn -0.1237 0.1508 -0.9808
vn 0.1237 -0.1508 -0.9808
vn 0.0920 0.1720 -0.9808
vt 0.000000 0.000000
s 0
usemtl 
f 97/1/1 100/1/1 36/1/1 33/1/1
f 98/1/2 101/1/2 37/1/2 34/1/2
f 99/1/3 102/1/3 38/1/3 35/1/3
f 100/1/4 103/1/4 39/1/4 36/1/4
f 101/1/5 104/1/5 40/1/5 37/1/5
f 102/1/6 105/1/6 41/1/6 38/1/6
f 103/1/7 106/1/7 42/1/7 39/1/7
f 104/1/8 107/1/8 43/1/8 40/1/8
f 105/1/9 108/1/9 44/1/9 41/1/9
f 106/1/10 109/1/10 45/1/10 42/1/10
f 107/1/11 110/1/11 46/1/11 43/1/11
f 108/1/12 111/1/12 47/1/12 44/1/12
f 109/1/13 112/1/13 48/1/13 45/1/13
f 110/1/14 113/1/14 49/1/14 46/1/14
f 111/1/15 114/1/15 50/1/15 47/1/15
f 112/1/16 99/1/16 35/1/16 48/1/16
f 113/1/17 115/1/17 51/1/17 49/1/17
f 114/1/18 116/1/18 52/1/18 50/1/18
f 115/1/19 117/1/19 53/1/19 51/1/19
f 116/1/20 118/1/20 54/1/20 52/1/20
f 117/1/21 119/1/21 55/1/21 53/1/21
f 118/1/22 120/1/22 56/1/22 54/1/22
f 119/1/23 121/1/23 57/1/23 55/1/23
f 120/1/24 122/1/24 58/1/24 56/1/24
f 121/1/25 123/1/25 59/1/25 57/1/25
f 122/1/26 124/1/26 60/1/26 58/1/26
f 123/1/27 125/1/27 61/1/27 59/1/27
f 124/1/28 126/1/28 62/1/28 60/1/28
f 125/1/29 127/1/29 63/1/29 61/1/29
f 126/1/30 128/1/30 64/1/30 62/1/30
f 127/1/31 97/1/31 33/1/31 63/1/31
f 128/1/32 98/1/32 34/1/32 64/1/32
f 65/1/33 67/1/33 68/1/33 69/1/33 70/1/33 71/1/33 72/1/33 73/1/33 74/1/33 75/1/33 76/1/33 77/1/33 78/1/33 79/1/33 80/1/33 81/1/33 82/1/33 83/1/33 84/1/33 85/1/33 86/1/33 87/1/33 88/1/33 89/1/33 90/1/33 91/1/33 92/1/33 93/1/33 94/1/33 95/1/33 96/1/33 66/1/33
f 192/1/33 128/1/33 282/1/33 346/1/33
f 140/1/34 143/1/34 247/1/34 241/1/34
f 162/1/35 194/1/35 350/1/35 349/1/35
f 108/1/36 105/1/36 236/1/36 242/1/36
f 133/1/33 197/1/33 291/1/33 227/1/33
f 139/1/37 142/1/37 245/1/37 239/1/37
f 161/1/38 193/1/38 348/1/38 347/1/38
f 109/1/39 106/1/39 238/1/39 244/1/39
f 165/1/33 101/1/33 228/1/33 292/1/33
f 138/1/40 141/1/40 243/1/40 237/1/40
f 224/1/41 192/1/41 346/1/41 345/1/41
f 110/1/42 107/1/42 240/1/42 246/1/42
f 146/1/33 210/1/33 317/1/33 253/1/33
f 137/1/43 140/1/43 241/1/43 235/1/43
f 223/1/44 191/1/44 344/1/44 343/1/44
f 111/1/45 108/1/45 242/1/45 248/1/45
f 178/1/33 114/1/33 254/1/33 318/1/33
f 136/1/46 139/1/46 239/1/46 233/1/46
f 222/1/47 190/1/47 342/1/47 341/1/47
f 112/1/48 109/1/48 244/1/48 250/1/48
f 159/1/33 223/1/33 343/1/33 279/1/33
f 135/1/49 138/1/49 237/1/49 231/1/49
f 221/1/50 189/1/50 340/1/50 339/1/50
f 113/1/51 110/1/51 246/1/51 252/1/51
f 191/1/33 127/1/33 280/1/33 344/1/33
f 134/1/52 137/1/52 235/1/52 229/1/52
f 220/1/38 188/1/38 338/1/38 337/1/38
f 114/1/53 111/1/53 248/1/53 254/1/53
f 132/1/33 196/1/33 289/1/33 225/1/33
f 133/1/54 136/1/54 233/1/54 227/1/54
f 219/1/55 187/1/55 336/1/55 335/1/55
f 99/1/56 112/1/56 250/1/56 285/1/56
f 164/1/33 100/1/33 226/1/33 290/1/33
f 132/1/57 135/1/57 231/1/57 225/1/57
f 218/1/58 186/1/58 334/1/58 333/1/58
f 115/1/59 113/1/59 252/1/59 256/1/59
f 145/1/33 209/1/33 315/1/33 251/1/33
f 131/1/60 134/1/60 229/1/60 288/1/60
f 217/1/61 185/1/61 332/1/61 331/1/61
f 116/1/62 114/1/62 254/1/62 258/1/62
f 177/1/33 113/1/33 252/1/33 316/1/33
f 130/1/63 133/1/63 227/1/63 287/1/63
f 216/1/64 184/1/64 330/1/64 329/1/64
f 117/1/65 115/1/65 256/1/65 260/1/65
f 158/1/33 222/1/33 341/1/33 277/1/33
f 129/1/66 132/1/66 225/1/66 286/1/66
f 215/1/67 183/1/67 328/1/67 327/1/67
f 118/1/68 116/1/68 258/1/68 262/1/68
f 190/1/33 126/1/33 278/1/33 342/1/33
f 214/1/69 182/1/69 326/1/69 325/1/69
f 119/1/70 117/1/70 260/1/70 264/1/70
f 144/1/33 208/1/33 313/1/33 249/1/33
f 213/1/71 181/1/71 324/1/71 323/1/71
f 120/1/72 118/1/72 262/1/72 266/1/72
f 176/1/33 112/1/33 250/1/33 314/1/33
f 212/1/73 180/1/73 322/1/73 321/1/73
f 121/1/74 119/1/74 264/1/74 268/1/74
f 157/1/33 221/1/33 339/1/33 275/1/33
f 211/1/75 179/1/75 320/1/75 319/1/75
f 122/1/76 120/1/76 266/1/76 270/1/76
f 189/1/33 125/1/33 276/1/33 340/1/33
f 210/1/77 178/1/77 318/1/77 317/1/77
f 123/1/78 121/1/78 268/1/78 272/1/78
f 143/1/33 207/1/33 311/1/33 247/1/33
f 281/1/32 287/1/32 283/1/32 282/1/32
f 279/1/31 286/1/31 284/1/31 280/1/31
f 277/1/30 281/1/30 282/1/30 278/1/30
f 275/1/29 279/1/29 280/1/29 276/1/29
f 273/1/28 277/1/28 278/1/28 274/1/28
f 271/1/27 275/1/27 276/1/27 272/1/27
f 269/1/26 273/1/26 274/1/26 270/1/26
f 267/1/25 271/1/25 272/1/25 268/1/25
f 265/1/24 269/1/24 270/1/24 266/1/24
f 263/1/23 267/1/23 268/1/23 264/1/23
f 261/1/22 265/1/22 266/1/22 262/1/22
f 259/1/21 263/1/21 264/1/21 260/1/21
f 257/1/20 261/1/20 262/1/20 258/1/20
f 255/1/19 259/1/19 260/1/19 256/1/19
f 253/1/18 257/1/18 258/1/18 254/1/18
f 251/1/17 255/1/17 256/1/17 252/1/17
f 249/1/16 288/1/16 285/1/16 250/1/16
f 247/1/15 253/1/15 254/1/15 248/1/15
f 245/1/14 251/1/14 252/1/14 246/1/14
f 243/1/13 249/1/13 250/1/13 244/1/13
f 241/1/12 247/1/12 248/1/12 242/1/12
f 239/1/11 245/1/11 246/1/11 240/1/11
f 237/1/10 243/1/10 244/1/10 238/1/10
f 235/1/9 241/1/9 242/1/9 236/1/9
f 233/1/8 239/1/8 240/1/8 234/1/8
f 231/1/7 237/1/7 238/1/7 232/1/7
f 229/1/6 235/1/6 236/1/6 230/1/6
f 227/1/5 233/1/5 234/1/5 228/1/5
f 225/1/4 231/1/4 232/1/4 226/1/4
f 288/1/3 229/1/3 230/1/3 285/1/3
f 287/1/2 227/1/2 228/1/2 283/1/2
f 286/1/1 225/1/1 226/1/1 284/1/1
f 262/1/33 261/1/33 325/1/33 326/1/33
f 236/1/33 235/1/33 299/1/33 300/1/33
f 264/1/33 263/1/33 327/1/33 328/1/33
f 238/1/33 237/1/33 301/1/33 302/1/33
f 266/1/33 265/1/33 329/1/33 330/1/33
f 240/1/33 239/1/33 303/1/33 304/1/33
f 286/1/33 284/1/33 347/1/33 348/1/33
f 268/1/33 267/1/33 331/1/33 332/1/33
f 242/1/33 241/1/33 305/1/33 306/1/33
f 287/1/33 283/1/33 349/1/33 350/1/33
f 270/1/33 269/1/33 333/1/33 334/1/33
f 244/1/33 243/1/33 307/1/33 308/1/33
f 288/1/33 285/1/33 351/1/33 352/1/33
f 272/1/33 271/1/33 335/1/33 336/1/33
f 246/1/33 245/1/33 309/1/33 310/1/33
f 274/1/33 273/1/33 337/1/33 338/1/33
f 248/1/33 247/1/33 311/1/33 312/1/33
f 276/1/33 275/1/33 339/1/33 340/1/33
f 250/1/33 249/1/33 313/1/33 314/1/33
f 278/1/33 277/1/33 341/1/33 342/1/33
f 252/1/33 251/1/33 315/1/33 316/1/33
f 226/1/33 225/1/33 289/1/33 290/1/33
f 280/1/33 279/1/33 343/1/33 344/1/33
f 254/1/33 253/1/33 317/1/33 318/1/33
f 228/1/33 227/1/33 291/1/33 292/1/33
f 282/1/33 281/1/33 345/1/33 346/1/33
f 256/1/33 255/1/33 319/1/33 320/1/33
f 230/1/33 229/1/33 293/1/33 294/1/33
f 258/1/33 257/1/33 321/1/33 322/1/33
f 232/1/33 231/1/33 295/1/33 296/1/33
f 260/1/33 259/1/33 323/1/33 324/1/33
f 234/1/33 233/1/33 297/1/33 298/1/33
f 107/1/79 104/1/79 234/1/79 240/1/79
f 163/1/80 195/1/80 352/1/80 351/1/80
f 141/1/81 144/1/81 249/1/81 243/1/81
f 160/1/33 224/1/33 345/1/33 281/1/33
f 106/1/82 103/1/82 232/1/82 238/1/82
f 182/1/33 118/1/33 262/1/33 326/1/33
f 142/1/83 145/1/83 251/1/83 245/1/83
f 179/1/33 115/1/33 256/1/33 320/1/33
f 105/1/84 102/1/84 230/1/84 236/1/84
f 150/1/33 214/1/33 325/1/33 261/1/33
f 143/1/85 146/1/85 253/1/85 247/1/85
f 147/1/33 211/1/33 319/1/33 255/1/33
f 104/1/86 101/1/86 228/1/86 234/1/86
f 169/1/33 105/1/33 236/1/33 300/1/33
f 144/1/87 131/1/87 288/1/87 249/1/87
f 166/1/33 102/1/33 230/1/33 294/1/33
f 103/1/88 100/1/88 226/1/88 232/1/88
f 137/1/33 201/1/33 299/1/33 235/1/33
f 145/1/89 147/1/89 255/1/89 251/1/89
f 134/1/33 198/1/33 293/1/33 229/1/33
f 102/1/90 99/1/90 285/1/90 230/1/90
f 183/1/33 119/1/33 264/1/33 328/1/33
f 146/1/91 148/1/91 257/1/91 253/1/91
f 180/1/33 116/1/33 258/1/33 322/1/33
f 101/1/92 98/1/92 283/1/92 228/1/92
f 151/1/33 215/1/33 327/1/33 263/1/33
f 147/1/93 149/1/93 259/1/93 255/1/93
f 148/1/33 212/1/33 321/1/33 257/1/33
f 100/1/94 97/1/94 284/1/94 226/1/94
f 170/1/33 106/1/33 238/1/33 302/1/33
f 148/1/95 150/1/95 261/1/95 257/1/95
f 167/1/33 103/1/33 232/1/33 296/1/33
f 138/1/33 202/1/33 301/1/33 237/1/33
f 149/1/96 151/1/96 263/1/96 259/1/96
f 135/1/33 199/1/33 295/1/33 231/1/33
f 184/1/33 120/1/33 266/1/33 330/1/33
f 150/1/97 152/1/97 265/1/97 261/1/97
f 181/1/33 117/1/33 260/1/33 324/1/33
f 152/1/33 216/1/33 329/1/33 265/1/33
f 151/1/98 153/1/98 267/1/98 263/1/98
f 149/1/33 213/1/33 323/1/33 259/1/33
f 171/1/33 107/1/33 240/1/33 304/1/33
f 152/1/99 154/1/99 269/1/99 265/1/99
f 168/1/33 104/1/33 234/1/33 298/1/33
f 139/1/33 203/1/33 303/1/33 239/1/33
f 153/1/100 155/1/100 271/1/100 267/1/100
f 136/1/33 200/1/33 297/1/33 233/1/33
f 193/1/33 129/1/33 286/1/33 348/1/33
f 154/1/101 156/1/101 273/1/101 269/1/101
f 97/1/33 161/1/33 347/1/33 284/1/33
f 155/1/102 157/1/102 275/1/102 271/1/102
f 185/1/33 121/1/33 268/1/33 332/1/33
f 156/1/103 158/1/103 277/1/103 273/1/103
f 153/1/33 217/1/33 331/1/33 267/1/33
f 157/1/104 159/1/104 279/1/104 275/1/104
f 172/1/33 108/1/33 242/1/33 306/1/33
f 158/1/105 160/1/105 281/1/105 277/1/105
f 140/1/33 204/1/33 305/1/33 241/1/33
f 159/1/106 129/1/106 286/1/106 279/1/106
f 194/1/33 130/1/33 287/1/33 350/1/33
f 160/1/107 130/1/107 287/1/107 281/1/107
f 98/1/33 162/1/33 349/1/33 283/1/33
f 196/1/108 164/1/108 290/1/108 289/1/108
f 186/1/33 122/1/33 270/1/33 334/1/33
f 197/1/109 165/1/109 292/1/109 291/1/109
f 154/1/33 218/1/33 333/1/33 269/1/33
f 198/1/110 166/1/110 294/1/110 293/1/110
f 173/1/33 109/1/33 244/1/33 308/1/33
f 199/1/111 167/1/111 296/1/111 295/1/111
f 141/1/33 205/1/33 307/1/33 243/1/33
f 200/1/112 168/1/112 298/1/112 297/1/112
f 195/1/33 131/1/33 288/1/33 352/1/33
f 201/1/113 169/1/113 300/1/113 299/1/113
f 99/1/33 163/1/33 351/1/33 285/1/33
f 202/1/35 170/1/35 302/1/35 301/1/35
f 187/1/33 123/1/33 272/1/33 336/1/33
f 98/1/114 128/1/114 282/1/114 283/1/114
f 203/1/80 171/1/80 304/1/80 303/1/80
f 155/1/33 219/1/33 335/1/33 271/1/33
f 97/1/115 127/1/115 280/1/115 284/1/115
f 204/1/116 172/1/116 306/1/116 305/1/116
f 174/1/33 110/1/33 246/1/33 310/1/33
f 128/1/117 126/1/117 278/1/117 282/1/117
f 205/1/118 173/1/118 308/1/118 307/1/118
f 142/1/33 206/1/33 309/1/33 245/1/33
f 127/1/119 125/1/119 276/1/119 280/1/119
f 206/1/120 174/1/120 310/1/120 309/1/120
f 188/1/33 124/1/33 274/1/33 338/1/33
f 126/1/121 124/1/121 274/1/121 278/1/121
f 207/1/122 175/1/122 312/1/122 311/1/122
f 156/1/33 220/1/33 337/1/33 273/1/33
f 125/1/123 123/1/123 272/1/123 276/1/123
f 208/1/124 176/1/124 314/1/124 313/1/124
f 175/1/33 111/1/33 248/1/33 312/1/33
f 124/1/125 122/1/125 270/1/125 274/1/125
f 209/1/126 177/1/126 316/1/126 315/1/126
f 367/1/127 353/1/127 355/1/127 378/1/127
f 378/1/128 355/1/128 356/1/128 377/1/128
f 377/1/129 356/1/129 357/1/129 376/1/129
f 376/1/130 357/1/130 358/1/130 375/1/130
f 375/1/131 358/1/131 359/1/131 374/1/131
f 374/1/132 359/1/132 360/1/132 373/1/132
f 373/1/133 360/1/133 361/1/133 372/1/133
f 372/1/134 361/1/134 362/1/134 371/1/134
f 371/1/135 362/1/135 363/1/135 370/1/135
f 370/1/136 363/1/136 364/1/136 369/1/136
f 369/1/137 364/1/137 365/1/137 368/1/137
f 368/1/138 365/1/138 354/1/138 366/1/138
f 380/1/139 367/1/139 378/1/139 391/1/139
f 391/1/140 378/1/140 377/1/140 390/1/140
f 390/1/141 377/1/141 376/1/141 389/1/141
f 389/1/142 376/1/142 375/1/142 388/1/142
f 388/1/143 375/1/143 374/1/143 387/1/143
f 387/1/144 374/1/144 373/1/144 386/1/144
f 386/1/145 373/1/145 372/1/145 385/1/145
f 385/1/146 372/1/146 371/1/146 384/1/146
f 384/1/147 371/1/147 370/1/147 383/1/147
f 383/1/148 370/1/148 369/1/148 382/1/148
f 382/1/149 369/1/149 368/1/149 381/1/149
f 381/1/150 368/1/150 366/1/150 379/1/150
f 393/1/151 380/1/151 391/1/151 404/1/151
f 404/1/152 391/1/152 390/1/152 403/1/152
f 403/1/153 390/1/153 389/1/153 402/1/153
f 402/1/154 389/1/154 388/1/154 401/1/154
f 401/1/155 388/1/155 387/1/155 400/1/155
f 400/1/156 387/1/156 386/1/156 399/1/156
f 399/1/157 386/1/157 385/1/157 398/1/157
f 398/1/158 385/1/158 384/1/158 397/1/158
f 397/1/159 384/1/159 383/1/159 396/1/159
f 396/1/160 383/1/160 382/1/160 395/1/160
f 395/1/161 382/1/161 381/1/161 394/1/161
f 394/1/162 381/1/162 379/1/162 392/1/162
f 406/1/163 393/1/163 404/1/163 417/1/163
f 417/1/164 404/1/164 403/1/164 416/1/164
f 416/1/165 403/1/165 402/1/165 415/1/165
f 415/1/166 402/1/166 401/1/166 414/1/166
f 414/1/167 401/1/167 400/1/167 413/1/167
f 413/1/168 400/1/168 399/1/168 412/1/168
f 412/1/169 399/1/169 398/1/169 411/1/169
f 411/1/170 398/1/170 397/1/170 410/1/170
f 410/1/171 397/1/171 396/1/171 409/1/171
f 409/1/172 396/1/172 395/1/172 408/1/172
f 408/1/173 395/1/173 394/1/173 407/1/173
f 407/1/174 394/1/174 392/1/174 405/1/174
f 419/1/175 406/1/175 417/1/175 430/1/175
f 430/1/176 417/1/176 416/1/176 429/1/176
f 429/1/177 416/1/177 415/1/177 428/1/177
f 428/1/178 415/1/178 414/1/178 427/1/178
f 427/1/179 414/1/179 413/1/179 426/1/179
f 426/1/180 413/1/180 412/1/180 425/1/180
f 425/1/181 412/1/181 411/1/181 424/1/181
f 424/1/182 411/1/182 410/1/182 423/1/182
f 423/1/183 410/1/183 409/1/183 422/1/183
f 422/1/184 409/1/184 408/1/184 421/1/184
f 421/1/185 408/1/185 407/1/185 420/1/185
f 420/1/186 407/1/186 405/1/186 418/1/186
f 432/1/187 419/1/187 430/1/187 443/1/187
f 443/1/188 430/1/188 429/1/188 442/1/188
f 442/1/189 429/1/189 428/1/189 441/1/189
f 441/1/190 428/1/190 427/1/190 440/1/190
f 440/1/191 427/1/191 426/1/191 439/1/191
f 439/1/192 426/1/192 425/1/192 438/1/192
f 438/1/193 425/1/193 424/1/193 437/1/193
f 437/1/194 424/1/194 423/1/194 436/1/194
f 436/1/195 423/1/195 422/1/195 435/1/195
f 435/1/196 422/1/196 421/1/196 434/1/196
f 434/1/197 421/1/197 420/1/197 433/1/197
f 433/1/198 420/1/198 418/1/198 431/1/198
f 445/1/199 432/1/199 443/1/199 456/1/199
f 456/1/200 443/1/200 442/1/200 455/1/200
f 455/1/201 442/1/201 441/1/201 454/1/201
f 454/1/202 441/1/202 440/1/202 453/1/202
f 453/1/203 440/1/203 439/1/203 452/1/203
f 452/1/204 439/1/204 438/1/204 451/1/204
f 451/1/205 438/1/205 437/1/205 450/1/205
f 450/1/206 437/1/206 436/1/206 449/1/206
f 449/1/207 436/1/207 435/1/207 448/1/207
f 448/1/208 435/1/208 434/1/208 447/1/208
f 447/1/209 434/1/209 433/1/209 446/1/209
f 446/1/210 433/1/210 431/1/210 444/1/210
f 458/1/211 445/1/211 456/1/211 469/1/211
f 469/1/212 456/1/212 455/1/212 468/1/212
f 468/1/213 455/1/213 454/1/213 467/1/213
f 467/1/214 454/1/214 453/1/214 466/1/214
f 466/1/215 453/1/215 452/1/215 465/1/215
f 465/1/216 452/1/216 451/1/216 464/1/216
f 464/1/217 451/1/217 450/1/217 463/1/217
f 463/1/218 450/1/218 449/1/218 462/1/218
f 462/1/219 449/1/219 448/1/219 461/1/219
f 461/1/220 448/1/220 447/1/220 460/1/220
f 460/1/221 447/1/221 446/1/221 459/1/221
f 459/1/222 446/1/222 444/1/222 457/1/222
f 471/1/223 458/1/223 469/1/223 482/1/223
f 482/1/224 469/1/224 468/1/224 481/1/224
f 481/1/225 468/1/225 467/1/225 480/1/225
f 480/1/226 467/1/226 466/1/226 479/1/226
f 479/1/227 466/1/227 465/1/227 478/1/227
f 478/1/228 465/1/228 464/1/228 477/1/228
f 477/1/229 464/1/229 463/1/229 476/1/229
f 476/1/230 463/1/230 462/1/230 475/1/230
f 475/1/231 462/1/231 461/1/231 474/1/231
f 474/1/232 461/1/232 460/1/232 473/1/232
f 473/1/233 460/1/233 459/1/233 472/1/233
f 472/1/234 459/1/234 457/1/234 470/1/234
f 484/1/235 471/1/235 482/1/235 495/1/235
f 495/1/236 482/1/236 481/1/236 494/1/236
f 494/1/237 481/1/237 480/1/237 493/1/237
f 493/1/238 480/1/238 479/1/238 492/1/238
f 492/1/239 479/1/239 478/1/239 491/1/239
f 491/1/240 478/1/240 477/1/240 490/1/240
f 490/1/241 477/1/241 476/1/241 489/1/241
f 489/1/242 476/1/242 475/1/242 488/1/242
f 488/1/243 475/1/243 474/1/243 487/1/243
f 487/1/244 474/1/244 473/1/244 486/1/244
f 486/1/245 473/1/245 472/1/245 485/1/245
f 485/1/246 472/1/246 470/1/246 483/1/246
f 497/1/247 484/1/247 495/1/247 508/1/247
f 508/1/248 495/1/248 494/1/248 507/1/248
f 507/1/249 494/1/249 493/1/249 506/1/249
f 506/1/250 493/1/250 492/1/250 505/1/250
f 505/1/251 492/1/251 491/1/251 504/1/251
f 504/1/252 491/1/252 490/1/252 503/1/252
f 503/1/253 490/1/253 489/1/253 502/1/253
f 502/1/254 489/1/254 488/1/254 501/1/254
f 501/1/255 488/1/255 487/1/255 500/1/255
f 500/1/256 487/1/256 486/1/256 499/1/256
f 499/1/257 486/1/257 485/1/257 498/1/257
f 498/1/258 485/1/258 483/1/258 496/1/258
f 510/1/259 497/1/259 508/1/259 521/1/259
f 521/1/260 508/1/260 507/1/260 520/1/260
f 520/1/261 507/1/261 506/1/261 519/1/261
f 519/1/262 506/1/262 505/1/262 518/1/262
f 518/1/263 505/1/263 504/1/263 517/1/263
f 517/1/264 504/1/264 503/1/264 516/1/264
f 516/1/265 503/1/265 502/1/265 515/1/265
f 515/1/266 502/1/266 501/1/266 514/1/266
f 514/1/267 501/1/267 500/1/267 513/1/267
f 513/1/268 500/1/268 499/1/268 512/1/268
f 512/1/269 499/1/269 498/1/269 511/1/269
f 511/1/270 498/1/270 496/1/270 509/1/270
f 523/1/271 510/1/271 521/1/271 534/1/271
f 534/1/272 521/1/272 520/1/272 533/1/272
f 533/1/273 520/1/273 519/1/273 532/1/273
f 532/1/274 519/1/274 518/1/274 531/1/274
f 531/1/275 518/1/275 517/1/275 530/1/275
f 530/1/276 517/1/276 516/1/276 529/1/276
f 529/1/277 516/1/277 515/1/277 528/1/277
f 528/1/278 515/1/278 514/1/278 527/1/278
f 527/1/279 514/1/279 513/1/279 526/1/279
f 526/1/280 513/1/280 512/1/280 525/1/280
f 525/1/281 512/1/281 511/1/281 524/1/281
f 524/1/282 511/1/282 509/1/282 522/1/282
f 536/1/283 523/1/283 534/1/283 547/1/283
f 547/1/284 534/1/284 533/1/284 546/1/284
f 546/1/285 533/1/285 532/1/285 545/1/285
f 545/1/286 532/1/286 531/1/286 544/1/286
f 544/1/287 531/1/287 530/1/287 543/1/287
f 543/1/288 530/1/288 529/1/288 542/1/288
f 542/1/289 529/1/289 528/1/289 541/1/289
f 541/1/290 528/1/290 527/1/290 540/1/290
f 540/1/291 527/1/291 526/1/291 539/1/291
f 539/1/292 526/1/292 525/1/292 538/1/292
f 538/1/293 525/1/293 524/1/293 537/1/293
f 537/1/294 524/1/294 522/1/294 535/1/294
f 549/1/295 536/1/295 547/1/295 560/1/295
f 560/1/296 547/1/296 546/1/296 559/1/296
f 559/1/297 546/1/297 545/1/297 558/1/297
f 558/1/298 545/1/298 544/1/298 557/1/298
f 557/1/299 544/1/299 543/1/299 556/1/299
f 556/1/300 543/1/300 542/1/300 555/1/300
f 555/1/301 542/1/301 541/1/301 554/1/301
f 554/1/302 541/1/302 540/1/302 553/1/302
f 553/1/303 540/1/303 539/1/303 552/1/303
f 552/1/304 539/1/304 538/1/304 551/1/304
f 551/1/305 538/1/305 537/1/305 550/1/305
f 550/1/306 537/1/306 535/1/306 548/1/306
f 562/1/307 549/1/307 560/1/307 573/1/307
f 573/1/308 560/1/308 559/1/308 572/1/308
f 572/1/309 559/1/309 558/1/309 571/1/309
f 571/1/310 558/1/310 557/1/310 570/1/310
f 570/1/311 557/1/311 556/1/311 569/1/311
f 569/1/312 556/1/312 555/1/312 568/1/312
f 568/1/313 555/1/313 554/1/313 567/1/313
f 567/1/314 554/1/314 553/1/314 566/1/314
f 566/1/315 553/1/315 552/1/315 565/1/315
f 565/1/316 552/1/316 551/1/316 564/1/316
f 564/1/317 551/1/317 550/1/317 563/1/317
f 563/1/318 550/1/318 548/1/318 561/1/318
f 575/1/319 562/1/319 573/1/319 586/1/319
f 586/1/320 573/1/320 572/1/320 585/1/320
f 585/1/321 572/1/321 571/1/321 584/1/321
f 584/1/322 571/1/322 570/1/322 583/1/322
f 583/1/323 570/1/323 569/1/323 582/1/323
f 582/1/324 569/1/324 568/1/324 581/1/324
f 581/1/325 568/1/325 567/1/325 580/1/325
f 580/1/326 567/1/326 566/1/326 579/1/326
f 579/1/327 566/1/327 565/1/327 578/1/327
f 578/1/328 565/1/328 564/1/328 577/1/328
f 577/1/329 564/1/329 563/1/329 576/1/329
f 576/1/330 563/1/330 561/1/330 574/1/330
f 588/1/331 575/1/331 586/1/331 599/1/331
f 599/1/332 586/1/332 585/1/332 598/1/332
f 598/1/333 585/1/333 584/1/333 597/1/333
f 597/1/334 584/1/334 583/1/334 596/1/334
f 596/1/335 583/1/335 582/1/335 595/1/335
f 595/1/336 582/1/336 581/1/336 594/1/336
f 594/1/337 581/1/337 580/1/337 593/1/337
f 593/1/338 580/1/338 579/1/338 592/1/338
f 592/1/339 579/1/339 578/1/339 591/1/339
f 591/1/340 578/1/340 577/1/340 590/1/340
f 590/1/341 577/1/341 576/1/341 589/1/341
f 589/1/342 576/1/342 574/1/342 587/1/342
f 601/1/343 588/1/343 599/1/343 612/1/343
f 612/1/344 599/1/344 598/1/344 611/1/344
f 611/1/345 598/1/345 597/1/345 610/1/345
f 610/1/346 597/1/346 596/1/346 609/1/346
f 609/1/347 596/1/347 595/1/347 608/1/347
f 608/1/348 595/1/348 594/1/348 607/1/348
f 607/1/349 594/1/349 593/1/349 606/1/349
f 606/1/350 593/1/350 592/1/350 605/1/350
f 605/1/351 592/1/351 591/1/351 604/1/351
f 604/1/352 591/1/352 590/1/352 603/1/352
f 603/1/353 590/1/353 589/1/353 602/1/353
f 602/1/354 589/1/354 587/1/354 600/1/354
f 614/1/355 601/1/355 612/1/355 625/1/355
f 625/1/356 612/1/356 611/1/356 624/1/356
f 624/1/357 611/1/357 610/1/357 623/1/357
f 623/1/358 610/1/358 609/1/358 622/1/358
f 622/1/359 609/1/359 608/1/359 621/1/359
f 621/1/360 608/1/360 607/1/360 620/1/360
f 620/1/361 607/1/361 606/1/361 619/1/361
f 619/1/362 606/1/362 605/1/362 618/1/362
f 618/1/363 605/1/363 604/1/363 617/1/363
f 617/1/364 604/1/364 603/1/364 616/1/364
f 616/1/365 603/1/365 602/1/365 615/1/365
f 615/1/366 602/1/366 600/1/366 613/1/366
f 627/1/367 614/1/367 625/1/367 638/1/367
f 638/1/368 625/1/368 624/1/368 637/1/368
f 637/1/369 624/1/369 623/1/369 636/1/369
f 636/1/370 623/1/370 622/1/370 635/1/370
f 635/1/371 622/1/371 621/1/371 634/1/371
f 634/1/372 621/1/372 620/1/372 633/1/372
f 633/1/373 620/1/373 619/1/373 632/1/373
f 632/1/374 619/1/374 618/1/374 631/1/374
f 631/1/375 618/1/375 617/1/375 630/1/375
f 630/1/376 617/1/376 616/1/376 629/1/376
f 629/1/377 616/1/377 615/1/377 628/1/377
f 628/1/378 615/1/378 613/1/378 626/1/378
f 640/1/379 627/1/379 638/1/379 651/1/379
f 651/1/380 638/1/380 637/1/380 650/1/380
f 650/1/381 637/1/381 636/1/381 649/1/381
f 649/1/382 636/1/382 635/1/382 648/1/382
f 648/1/383 635/1/383 634/1/383 647/1/383
f 647/1/384 634/1/384 633/1/384 646/1/384
f 646/1/385 633/1/385 632/1/385 645/1/385
f 645/1/386 632/1/386 631/1/386 644/1/386
f 644/1/387 631/1/387 630/1/387 643/1/387
f 643/1/388 630/1/388 629/1/388 642/1/388
f 642/1/389 629/1/389 628/1/389 641/1/389
f 641/1/390 628/1/390 626/1/390 639/1/390
f 653/1/391 640/1/391 651/1/391 664/1/391
f 664/1/392 651/1/392 650/1/392 663/1/392
f 663/1/393 650/1/393 649/1/393 662/1/393
f 662/1/394 649/1/394 648/1/394 661/1/394
f 661/1/395 648/1/395 647/1/395 660/1/395
f 660/1/396 647/1/396 646/1/396 659/1/396
f 659/1/397 646/1/397 645/1/397 658/1/397
f 658/1/398 645/1/398 644/1/398 657/1/398
f 657/1/399 644/1/399 643/1/399 656/1/399
f 656/1/400 643/1/400 642/1/400 655/1/400
f 655/1/401 642/1/401 641/1/401 654/1/401
f 654/1/402 641/1/402 639/1/402 652/1/402
f 666/1/403 653/1/403 664/1/403 677/1/403
f 677/1/404 664/1/404 663/1/404 676/1/404
f 676/1/405 663/1/405 662/1/405 675/1/405
f 675/1/406 662/1/406 661/1/406 674/1/406
f 674/1/407 661/1/407 660/1/407 673/1/407
f 673/1/408 660/1/408 659/1/408 672/1/408
f 672/1/409 659/1/409 658/1/409 671/1/409
f 671/1/410 658/1/410 657/1/410 670/1/410
f 670/1/411 657/1/411 656/1/411 669/1/411
f 669/1/412 656/1/412 655/1/412 668/1/412
f 668/1/413 655/1/413 654/1/413 667/1/413
f 667/1/414 654/1/414 652/1/414 665/1/414
f 679/1/415 666/1/415 677/1/415 690/1/415
f 690/1/416 677/1/416 676/1/416 689/1/416
f 689/1/417 676/1/417 675/1/417 688/1/417
f 688/1/418 675/1/418 674/1/418 687/1/418
f 687/1/419 674/1/419 673/1/419 686/1/419
f 686/1/420 673/1/420 672/1/420 685/1/420
f 685/1/421 672/1/421 671/1/421 684/1/421
f 684/1/422 671/1/422 670/1/422 683/1/422
f 683/1/423 670/1/423 669/1/423 682/1/423
f 682/1/424 669/1/424 668/1/424 681/1/424
f 681/1/425 668/1/425 667/1/425 680/1/425
f 680/1/426 667/1/426 665/1/426 678/1/426
f 692/1/427 679/1/427 690/1/427 703/1/427
f 703/1/428 690/1/428 689/1/428 702/1/428
f 702/1/429 689/1/429 688/1/429 701/1/429
f 701/1/430 688/1/430 687/1/430 700/1/430
f 700/1/431 687/1/431 686/1/431 699/1/431
f 699/1/432 686/1/432 685/1/432 698/1/432
f 698/1/433 685/1/433 684/1/433 697/1/433
f 697/1/434 684/1/434 683/1/434 696/1/434
f 696/1/435 683/1/435 682/1/435 695/1/435
f 695/1/436 682/1/436 681/1/436 694/1/436
f 694/1/437 681/1/437 680/1/437 693/1/437
f 693/1/438 680/1/438 678/1/438 691/1/438
f 705/1/439 692/1/439 703/1/439 716/1/439
f 716/1/440 703/1/440 702/1/440 715/1/440
f 715/1/441 702/1/441 701/1/441 714/1/441
f 714/1/442 701/1/442 700/1/442 713/1/442
f 713/1/443 700/1/443 699/1/443 712/1/443
f 712/1/444 699/1/444 698/1/444 711/1/444
f 711/1/445 698/1/445 697/1/445 710/1/445
f 710/1/446 697/1/446 696/1/446 709/1/446
f 709/1/447 696/1/447 695/1/447 708/1/447
f 708/1/448 695/1/448 694/1/448 707/1/448
f 707/1/449 694/1/449 693/1/449 706/1/449
f 706/1/450 693/1/450 691/1/450 704/1/450
f 718/1/451 705/1/451 716/1/451 729/1/451
f 729/1/452 716/1/452 715/1/452 728/1/452
f 728/1/453 715/1/453 714/1/453 727/1/453
f 727/1/454 714/1/454 713/1/454 726/1/454
f 726/1/455 713/1/455 712/1/455 725/1/455
f 725/1/456 712/1/456 711/1/456 724/1/456
f 724/1/457 711/1/457 710/1/457 723/1/457
f 723/1/458 710/1/458 709/1/458 722/1/458
f 722/1/459 709/1/459 708/1/459 721/1/459
f 721/1/460 708/1/460 707/1/460 720/1/460
f 720/1/461 707/1/461 706/1/461 719/1/461
f 719/1/462 706/1/462 704/1/462 717/1/462
f 731/1/463 718/1/463 729/1/463 742/1/463
f 742/1/464 729/1/464 728/1/464 741/1/464
f 741/1/465 728/1/465 727/1/465 740/1/465
f 740/1/466 727/1/466 726/1/466 739/1/466
f 739/1/467 726/1/467 725/1/467 738/1/467
f 738/1/468 725/1/468 724/1/468 737/1/468
f 737/1/469 724/1/469 723/1/469 736/1/469
f 736/1/470 723/1/470 722/1/470 735/1/470
f 735/1/471 722/1/471 721/1/471 734/1/471
f 734/1/472 721/1/472 720/1/472 733/1/472
f 733/1/473 720/1/473 719/1/473 732/1/473
f 732/1/474 719/1/474 717/1/474 730/1/474
f 744/1/475 731/1/475 742/1/475 755/1/475
f 755/1/476 742/1/476 741/1/476 754/1/476
f 754/1/477 741/1/477 740/1/477 753/1/477
f 753/1/478 740/1/478 739/1/478 752/1/478
f 752/1/479 739/1/479 738/1/479 751/1/479
f 751/1/480 738/1/480 737/1/480 750/1/480
f 750/1/481 737/1/481 736/1/481 749/1/481
f 749/1/482 736/1/482 735/1/482 748/1/482
f 748/1/483 735/1/483 734/1/483 747/1/483
f 747/1/484 734/1/484 733/1/484 746/1/484
f 746/1/485 733/1/485 732/1/485 745/1/485
f 745/1/486 732/1/486 730/1/486 743/1/486
f 757/1/487 744/1/487 755/1/487 768/1/487
f 768/1/488 755/1/488 754/1/488 767/1/488
f 767/1/489 754/1/489 753/1/489 766/1/489
f 766/1/490 753/1/490 752/1/490 765/1/490
f 765/1/491 752/1/491 751/1/491 764/1/491
f 764/1/492 751/1/492 750/1/492 763/1/492
f 763/1/493 750/1/493 749/1/493 762/1/493
f 762/1/494 749/1/494 748/1/494 761/1/494
f 761/1/495 748/1/495 747/1/495 760/1/495
f 760/1/496 747/1/496 746/1/496 759/1/496
f 759/1/497 746/1/497 745/1/497 758/1/497
f 758/1/498 745/1/498 743/1/498 756/1/498
f 353/1/499 757/1/499 768/1/499 355/1/499
f 355/1/500 768/1/500 767/1/500 356/1/500
f 356/1/501 767/1/501 766/1/501 357/1/501
f 357/1/502 766/1/502 765/1/502 358/1/502
f 358/1/503 765/1/503 764/1/503 359/1/503
f 359/1/504 764/1/504 763/1/504 360/1/504
f 360/1/505 763/1/505 762/1/505 361/1/505
f 361/1/506 762/1/506 761/1/506 362/1/506
f 362/1/507 761/1/507 760/1/507 363/1/507
f 363/1/508 760/1/508 759/1/508 364/1/508
f 364/1/509 759/1/509 758/1/509 365/1/509
f 365/1/510 758/1/510 756/1/510 354/1/510
f 353/1/3 367/1/3 134/1/3 131/1/3
f 366/1/511 354/1/511 756/1/511 743/1/511 730/1/511 717/1/511 704/1/511 691/1/511 678/1/511 665/1/511 652/1/511 639/1/511 626/1/511 613/1/511 600/1/511 587/1/511 574/1/511 561/1/511 548/1/511 535/1/511 522/1/511 509/1/511 496/1/511 483/1/511 470/1/511 457/1/511 444/1/511 431/1/511 418/1/511 405/1/511 392/1/511 379/1/511
f 757/1/16 353/1/16 131/1/16 144/1/16
f 367/1/6 380/1/6 137/1/6 134/1/6
f 380/1/9 393/1/9 140/1/9 137/1/9
f 393/1/12 406/1/12 143/1/12 140/1/12
f 406/1/15 419/1/15 146/1/15 143/1/15
f 419/1/18 432/1/18 148/1/18 146/1/18
f 432/1/20 445/1/20 150/1/20 148/1/20
f 445/1/22 458/1/22 152/1/22 150/1/22
f 458/1/24 471/1/24 154/1/24 152/1/24
f 471/1/26 484/1/26 156/1/26 154/1/26
f 484/1/28 497/1/28 158/1/28 156/1/28
f 497/1/30 510/1/30 160/1/30 158/1/30
f 510/1/32 523/1/32 130/1/32 160/1/32
f 523/1/2 536/1/2 133/1/2 130/1/2
f 536/1/5 549/1/5 136/1/5 133/1/5
f 549/1/8 562/1/8 139/1/8 136/1/8
f 562/1/11 575/1/11 142/1/11 139/1/11
f 575/1/14 588/1/14 145/1/14 142/1/14
f 588/1/17 601/1/17 147/1/17 145/1/17
f 601/1/19 614/1/19 149/1/19 147/1/19
f 614/1/21 627/1/21 151/1/21 149/1/21
f 627/1/23 640/1/23 153/1/23 151/1/23
f 640/1/25 653/1/25 155/1/25 153/1/25
f 653/1/27 666/1/27 157/1/27 155/1/27
f 666/1/29 679/1/29 159/1/29 157/1/29
f 679/1/31 692/1/31 129/1/31 159/1/31
f 692/1/1 705/1/1 132/1/1 129/1/1
f 705/1/4 718/1/4 135/1/4 132/1/4
f 718/1/7 731/1/7 138/1/7 135/1/7
f 731/1/10 744/1/10 141/1/10 138/1/10
f 744/1/13 757/1/13 144/1/13 141/1/13
f 769/1/512 772/1/512 773/1/512 775/1/512
f 770/1/513 774/1/513 773/1/513 772/1/513
f 771/1/514 775/1/514 773/1/514 774/1/514
f 776/1/515 779/1/515 780/1/515 782/1/515
f 777/1/516 781/1/516 780/1/516 779/1/516
f 778/1/517 782/1/517 780/1/517 781/1/517
f 783/1/518 786/1/518 787/1/518 789/1/518
f 784/1/519 788/1/519 787/1/519 786/1/519
f 785/1/520 789/1/520 787/1/520 788/1/520
f 790/1/521 793/1/521 794/1/521 796/1/521
f 791/1/522 795/1/522 794/1/522 793/1/522
f 792/1/523 796/1/523 794/1/523 795/1/523
f 797/1/524 800/1/524 801/1/524 803/1/524
f 798/1/525 802/1/525 801/1/525 800/1/525
f 799/1/526 803/1/526 801/1/526 802/1/526
f 804/1/527 807/1/527 808/1/527 810/1/527
f 805/1/528 809/1/528 808/1/528 807/1/528
f 806/1/529 810/1/529 808/1/529 809/1/529
f 811/1/530 814/1/530 815/1/530 817/1/530
f 812/1/531 816/1/531 815/1/531 814/1/531
f 813/1/532 817/1/532 815/1/532 816/1/532
f 818/1/533 821/1/533 822/1/533 824/1/533
f 819/1/534 823/1/534 822/1/534 821/1/534
f 820/1/535 824/1/535 822/1/535 823/1/535
f 825/1/536 828/1/536 829/1/536 831/1/536
f 826/1/537 830/1/537 829/1/537 828/1/537
f 827/1/538 831/1/538 829/1/538 830/1/538
f 832/1/539 835/1/539 836/1/539 838/1/539
f 833/1/540 837/1/540 836/1/540 835/1/540
f 834/1/541 838/1/541 836/1/541 837/1/541
f 839/1/542 842/1/542 843/1/542 845/1/542
f 840/1/543 844/1/543 843/1/543 842/1/543
f 841/1/544 845/1/544 843/1/544 844/1/544
f 846/1/545 849/1/545 850/1/545 852/1/545
f 847/1/546 851/1/546 850/1/546 849/1/546
f 848/1/547 852/1/547 850/1/547 851/1/547
f 853/1/548 856/1/548 857/1/548 859/1/548
f 854/1/549 858/1/549 857/1/549 856/1/549
f 855/1/550 859/1/550 857/1/550 858/1/550
f 860/1/551 863/1/551 864/1/551 866/1/551
f 861/1/552 865/1/552 864/1/552 863/1/552
f 862/1/553 866/1/553 864/1/553 865/1/553
f 867/1/554 870/1/554 871/1/554 873/1/554
f 868/1/555 872/1/555 871/1/555 870/1/555
f 869/1/556 873/1/556 871/1/556 872/1/556
f 874/1/557 877/1/557 878/1/557 880/1/557
f 875/1/558 879/1/558 878/1/558 877/1/558
f 876/1/559 880/1/559 878/1/559 879/1/559
f 881/1/560 884/1/560 885/1/560 887/1/560
f 882/1/561 886/1/561 885/1/561 884/1/561
f 883/1/562 887/1/562 885/1/562 886/1/562
f 888/1/563 891/1/563 892/1/563 894/1/563
f 889/1/564 893/1/564 892/1/564 891/1/564
f 890/1/565 894/1/565 892/1/565 893/1/565
f 895/1/566 898/1/566 899/1/566 901/1/566
f 896/1/567 900/1/567 899/1/567 898/1/567
f 897/1/568 901/1/568 899/1/568 900/1/568
f 902/1/569 905/1/569 906/1/569 908/1/569
f 903/1/570 907/1/570 906/1/570 905/1/570
f 904/1/571 908/1/571 906/1/571 907/1/571
f 909/1/572 912/1/572 913/1/572 915/1/572
f 910/1/573 914/1/573 913/1/573 912/1/573
f 911/1/574 915/1/574 913/1/574 914/1/574
f 916/1/575 919/1/575 920/1/575 922/1/575
f 917/1/576 921/1/576 920/1/576 919/1/576
f 918/1/577 922/1/577 920/1/577 921/1/577
f 923/1/578 926/1/578 927/1/578 929/1/578
f 924/1/579 928/1/579 927/1/579 926/1/579
f 925/1/580 929/1/580 927/1/580 928/1/580
f 930/1/581 933/1/581 934/1/581 936/1/581
f 931/1/582 935/1/582 934/1/582 933/1/582
f 932/1/583 936/1/583 934/1/583 935/1/583
f 937/1/584 940/1/584 941/1/584 943/1/584
f 938/1/585 942/1/585 941/1/585 940/1/585
f 939/1/586 943/1/586 941/1/586 942/1/586
f 944/1/587 947/1/587 948/1/587 950/1/587
f 945/1/588 949/1/588 948/1/588 947/1/588
f 946/1/589 950/1/589 948/1/589 949/1/589
f 951/1/590 954/1/590 955/1/590 957/1/590
f 952/1/591 956/1/591 955/1/591 954/1/591
f 953/1/592 957/1/592 955/1/592 956/1/592
f 958/1/593 961/1/593 962/1/593 964/1/593
f 959/1/594 963/1/594 962/1/594 961/1/594
f 960/1/595 964/1/595 962/1/595 963/1/595
f 965/1/596 968/1/596 969/1/596 971/1/596
f 966/1/597 970/1/597 969/1/597 968/1/597
f 967/1/598 971/1/598 969/1/598 970/1/598
f 972/1/599 975/1/599 976/1/599 978/1/599
f 973/1/600 977/1/600 976/1/600 975/1/600
f 974/1/601 978/1/601 976/1/601 977/1/601
f 979/1/602 982/1/602 983/1/602 985/1/602
f 980/1/603 984/1/603 983/1/603 982/1/603
f 981/1/604 985/1/604 983/1/604 984/1/604
f 986/1/605 989/1/605 990/1/605 992/1/605
f 987/1/606 991/1/606 990/1/606 989/1/606
f 988/1/607 992/1/607 990/1/607 991/1/607
f 993/1/608 996/1/608 997/1/608 999/1/608
f 994/1/609 998/1/609 997/1/609 996/1/609
f 995/1/610 999/1/610 997/1/610 998/1/610
f 1000/1/611 1003/1/611 1004/1/611 1006/1/611
f 1001/1/612 1005/1/612 1004/1/612 1003/1/612
f 1002/1/613 1006/1/613 1004/1/613 1005/1/613
f 1007/1/614 1010/1/614 1011/1/614 1013/1/614
f 1008/1/615 1012/1/615 1011/1/615 1010/1/615
f 1009/1/616 1013/1/616 1011/1/616 1012/1/616
f 1014/1/617 1017/1/617 1018/1/617 1020/1/617
f 1015/1/618 1019/1/618 1018/1/618 1017/1/618
f 1016/1/619 1020/1/619 1018/1/619 1019/1/619
f 1021/1/620 1024/1/620 1025/1/620 1027/1/620
f 1022/1/621 1026/1/621 1025/1/621 1024/1/621
f 1023/1/622 1027/1/622 1025/1/622 1026/1/622
f 1028/1/623 1031/1/623 1032/1/623 1034/1/623
f 1029/1/624 1033/1/624 1032/1/624 1031/1/624
f 1030/1/625 1034/1/625 1032/1/625 1033/1/625
f 1035/1/626 1038/1/626 1039/1/626 1041/1/626
f 1036/1/627 1040/1/627 1039/1/627 1038/1/627
f 1037/1/628 1041/1/628 1039/1/628 1040/1/628
f 1042/1/629 1045/1/629 1046/1/629 1048/1/629
f 1043/1/630 1047/1/630 1046/1/630 1045/1/630
f 1044/1/631 1048/1/631 1046/1/631 1047/1/631
f 1049/1/632 1052/1/632 1053/1/632 1055/1/632
f 1050/1/633 1054/1/633 1053/1/633 1052/1/633
f 1051/1/634 1055/1/634 1053/1/634 1054/1/634
f 1056/1/635 1059/1/635 1060/1/635 1062/1/635
f 1057/1/636 1061/1/636 1060/1/636 1059/1/636
f 1058/1/637 1062/1/637 1060/1/637 1061/1/637
f 1063/1/638 1066/1/638 1067/1/638 1069/1/638
f 1064/1/639 1068/1/639 1067/1/639 1066/1/639
f 1065/1/640 1069/1/640 1067/1/640 1068/1/640
f 1070/1/641 1073/1/641 1074/1/641 1076/1/641
f 1071/1/642 1075/1/642 1074/1/642 1073/1/642
f 1072/1/643 1076/1/643 1074/1/643 1075/1/643
f 1077/1/644 1080/1/644 1081/1/644 1083/1/644
f 1078/1/645 1082/1/645 1081/1/645 1080/1/645
f 1079/1/646 1083/1/646 1081/1/646 1082/1/646
f 1084/1/647 1087/1/647 1088/1/647 1090/1/647
f 1085/1/648 1089/1/648 1088/1/648 1087/1/648
f 1086/1/649 1090/1/649 1088/1/649 1089/1/649
f 1091/1/650 1094/1/650 1095/1/650 1097/1/650
f 1092/1/651 1096/1/651 1095/1/651 1094/1/651
f 1093/1/652 1097/1/652 1095/1/652 1096/1/652
f 1098/1/653 1101/1/653 1102/1/653 1104/1/653
f 1099/1/654 1103/1/654 1102/1/654 1101/1/654
f 1100/1/655 1104/1/655 1102/1/655 1103/1/655
f 1105/1/656 1108/1/656 1109/1/656 1111/1/656
f 1106/1/657 1110/1/657 1109/1/657 1108/1/657
f 1107/1/658 1111/1/658 1109/1/658 1110/1/658
f 1112/1/659 1115/1/659 1116/1/659 1118/1/659
f 1113/1/660 1117/1/660 1116/1/660 1115/1/660
f 1114/1/661 1118/1/661 1116/1/661 1117/1/661
f 1119/1/662 1122/1/662 1123/1/662 1125/1/662
f 1120/1/663 1124/1/663 1123/1/663 1122/1/663
f 1121/1/664 1125/1/664 1123/1/664 1124/1/664
f 1126/1/665 1129/1/665 1130/1/665 1132/1/665
f 1127/1/666 1131/1/666 1130/1/666 1129/1/666
f 1128/1/667 1132/1/667 1130/1/667 1131/1/667
f 1133/1/668 1136/1/668 1137/1/668 1139/1/668
f 1134/1/669 1138/1/669 1137/1/669 1136/1/669
f 1135/1/670 1139/1/670 1137/1/670 1138/1/670
f 1140/1/671 1143/1/671 1144/1/671 1146/1/671
f 1141/1/672 1145/1/672 1144/1/672 1143/1/672
f 1142/1/673 1146/1/673 1144/1/673 1145/1/673
f 1147/1/674 1150/1/674 1151/1/674 1153/1/674
f 1148/1/675 1152/1/675 1151/1/675 1150/1/675
f 1149/1/676 1153/1/676 1151/1/676 1152/1/676
f 1154/1/677 1157/1/677 1158/1/677 1160/1/677
f 1155/1/678 1159/1/678 1158/1/678 1157/1/678
f 1156/1/679 1160/1/679 1158/1/679 1159/1/679
f 1161/1/680 1164/1/680 1165/1/680 1167/1/680
f 1162/1/681 1166/1/681 1165/1/681 1164/1/681
f 1163/1/682 1167/1/682 1165/1/682 1166/1/682
f 1168/1/683 1171/1/683 1172/1/683 1174/1/683
f 1169/1/684 1173/1/684 1172/1/684 1171/1/684
f 1170/1/685 1174/1/685 1172/1/685 1173/1/685
f 1175/1/686 1178/1/686 1179/1/686 1181/1/686
f 1176/1/687 1180/1/687 1179/1/687 1178/1/687
f 1177/1/688 1181/1/688 1179/1/688 1180/1/688
f 1182/1/689 1185/1/689 1186/1/689 1188/1/689
f 1183/1/690 1187/1/690 1186/1/690 1185/1/690
f 1184/1/691 1188/1/691 1186/1/691 1187/1/691
f 1189/1/692 1192/1/692 1193/1/692 1195/1/692
f 1190/1/693 1194/1/693 1193/1/693 1192/1/693
f 1191/1/694 1195/1/694 1193/1/694 1194/1/694
f 1196/1/695 1199/1/695 1200/1/695 1202/1/695
f 1197/1/696 1201/1/696 1200/1/696 1199/1/696
f 1198/1/697 1202/1/697 1200/1/697 1201/1/697
f 1203/1/698 1206/1/698 1207/1/698 1209/1/698
f 1204/1/699 1208/1/699 1207/1/699 1206/1/699
f 1205/1/700 1209/1/700 1207/1/700 1208/1/700
f 1210/1/701 1213/1/701 1214/1/701 1216/1/701
f 1211/1/702 1215/1/702 1214/1/702 1213/1/702
f 1212/1/703 1216/1/703 1214/1/703 1215/1/703
f 769/1/704 777/1/704 779/1/704 772/1/704
f 772/1/705 779/1/705 776/1/705 770/1/705
f 783/1/706 791/1/706 793/1/706 786/1/706
f 786/1/707 793/1/707 790/1/707 784/1/707
f 797/1/708 805/1/708 807/1/708 800/1/708
f 800/1/709 807/1/709 804/1/709 798/1/709
f 811/1/710 819/1/710 821/1/710 814/1/710
f 814/1/711 821/1/711 818/1/711 812/1/711
f 825/1/712 833/1/712 835/1/712 828/1/712
f 828/1/713 835/1/713 832/1/713 826/1/713
f 839/1/714 847/1/714 849/1/714 842/1/714
f 842/1/715 849/1/715 846/1/715 840/1/715
f 853/1/716 861/1/716 863/1/716 856/1/716
f 856/1/717 863/1/717 860/1/717 854/1/717
f 867/1/718 875/1/718 877/1/718 870/1/718
f 870/1/719 877/1/719 874/1/719 868/1/719
f 881/1/720 889/1/720 891/1/720 884/1/720
f 884/1/721 891/1/721 888/1/721 882/1/721
f 895/1/722 903/1/722 905/1/722 898/1/722
f 898/1/723 905/1/723 902/1/723 896/1/723
f 909/1/724 917/1/724 919/1/724 912/1/724
f 912/1/725 919/1/725 916/1/725 910/1/725
f 923/1/726 931/1/726 933/1/726 926/1/726
f 926/1/727 933/1/727 930/1/727 924/1/727
f 937/1/728 945/1/728 947/1/728 940/1/728
f 940/1/729 947/1/729 944/1/729 938/1/729
f 951/1/730 959/1/730 961/1/730 954/1/730
f 954/1/731 961/1/731 958/1/731 952/1/731
f 965/1/732 973/1/732 975/1/732 968/1/732
f 968/1/733 975/1/733 972/1/733 966/1/733
f 979/1/734 987/1/734 989/1/734 982/1/734
f 982/1/735 989/1/735 986/1/735 980/1/735
f 993/1/736 1001/1/736 1003/1/736 996/1/736
f 996/1/737 1003/1/737 1000/1/737 994/1/737
f 1007/1/738 1015/1/738 1017/1/738 1010/1/738
f 1010/1/739 1017/1/739 1014/1/739 1008/1/739
f 1021/1/740 1029/1/740 1031/1/740 1024/1/740
f 1024/1/741 1031/1/741 1028/1/741 1022/1/741
f 1035/1/742 1043/1/742 1045/1/742 1038/1/742
f 1038/1/743 1045/1/743 1042/1/743 1036/1/743
f 1049/1/744 1057/1/744 1059/1/744 1052/1/744
f 1052/1/745 1059/1/745 1056/1/745 1050/1/745
f 1063/1/746 1071/1/746 1073/1/746 1066/1/746
f 1066/1/747 1073/1/747 1070/1/747 1064/1/747
f 1077/1/748 1085/1/748 1087/1/748 1080/1/748
f 1080/1/749 1087/1/749 1084/1/749 1078/1/749
f 1091/1/750 1099/1/750 1101/1/750 1094/1/750
f 1094/1/751 1101/1/751 1098/1/751 1092/1/751
f 1105/1/752 1113/1/752 1115/1/752 1108/1/752
f 1108/1/753 1115/1/753 1112/1/753 1106/1/753
f 1119/1/754 1127/1/754 1129/1/754 1122/1/754
f 1122/1/755 1129/1/755 1126/1/755 1120/1/755
f 1133/1/756 1141/1/756 1143/1/756 1136/1/756
f 1136/1/757 1143/1/757 1140/1/757 1134/1/757
f 1147/1/758 1155/1/758 1157/1/758 1150/1/758
f 1150/1/759 1157/1/759 1154/1/759 1148/1/759
f 1161/1/760 1169/1/760 1171/1/760 1164/1/760
f 1164/1/761 1171/1/761 1168/1/761 1162/1/761
f 1177/1/762 1170/1/762 1173/1/762 1181/1/762
f 1181/1/763 1173/1/763 1169/1/763 1175/1/763
f 1184/1/764 1156/1/764 1159/1/764 1188/1/764
f 1188/1/765 1159/1/765 1155/1/765 1182/1/765
f 1170/1/766 1142/1/766 1145/1/766 1174/1/766
f 1174/1/767 1145/1/767 1141/1/767 1168/1/767
f 1156/1/768 1128/1/768 1131/1/768 1160/1/768
f 1160/1/769 1131/1/769 1127/1/769 1154/1/769
f 1142/1/770 1114/1/770 1117/1/770 1146/1/770
f 1146/1/771 1117/1/771 1113/1/771 1140/1/771
f 1128/1/772 1100/1/772 1103/1/772 1132/1/772
f 1132/1/773 1103/1/773 1099/1/773 1126/1/773
f 1114/1/774 1086/1/774 1089/1/774 1118/1/774
f 1118/1/775 1089/1/775 1085/1/775 1112/1/775
f 1100/1/776 1072/1/776 1075/1/776 1104/1/776
f 1104/1/777 1075/1/777 1071/1/777 1098/1/777
f 1086/1/778 1058/1/778 1061/1/778 1090/1/778
f 1090/1/779 1061/1/779 1057/1/779 1084/1/779
f 1072/1/780 1044/1/780 1047/1/780 1076/1/780
f 1076/1/781 1047/1/781 1043/1/781 1070/1/781
f 1058/1/782 1030/1/782 1033/1/782 1062/1/782
f 1062/1/783 1033/1/783 1029/1/783 1056/1/783
f 1044/1/784 1016/1/784 1019/1/784 1048/1/784
f 1048/1/785 1019/1/785 1015/1/785 1042/1/785
f 1030/1/786 1002/1/786 1005/1/786 1034/1/786
f 1034/1/787 1005/1/787 1001/1/787 1028/1/787
f 1016/1/788 988/1/788 991/1/788 1020/1/788
f 1020/1/789 991/1/789 987/1/789 1014/1/789
f 1002/1/790 974/1/790 977/1/790 1006/1/790
f 1006/1/791 977/1/791 973/1/791 1000/1/791
f 988/1/792 960/1/792 963/1/792 992/1/792
f 992/1/793 963/1/793 959/1/793 986/1/793
f 1191/1/794 946/1/794 949/1/794 1195/1/794
f 1195/1/795 949/1/795 945/1/795 1189/1/795
f 974/1/796 932/1/796 935/1/796 978/1/796
f 978/1/797 935/1/797 931/1/797 972/1/797
f 960/1/798 918/1/798 921/1/798 964/1/798
f 964/1/799 921/1/799 917/1/799 958/1/799
f 946/1/800 904/1/800 907/1/800 950/1/800
f 950/1/801 907/1/801 903/1/801 944/1/801
f 932/1/802 890/1/802 893/1/802 936/1/802
f 936/1/803 893/1/803 889/1/803 930/1/803
f 918/1/804 876/1/804 879/1/804 922/1/804
f 922/1/805 879/1/805 875/1/805 916/1/805
f 904/1/806 862/1/806 865/1/806 908/1/806
f 908/1/807 865/1/807 861/1/807 902/1/807
f 890/1/808 848/1/808 851/1/808 894/1/808
f 894/1/809 851/1/809 847/1/809 888/1/809
f 876/1/810 834/1/810 837/1/810 880/1/810
f 880/1/811 837/1/811 833/1/811 874/1/811
f 862/1/812 820/1/812 823/1/812 866/1/812
f 866/1/813 823/1/813 819/1/813 860/1/813
f 848/1/814 806/1/814 809/1/814 852/1/814
f 852/1/815 809/1/815 805/1/815 846/1/815
f 834/1/816 792/1/816 795/1/816 838/1/816
f 838/1/817 795/1/817 791/1/817 832/1/817
f 820/1/818 778/1/818 781/1/818 824/1/818
f 824/1/819 781/1/819 777/1/819 818/1/819
f 806/1/820 1191/1/820 1194/1/820 810/1/820
f 810/1/821 1194/1/821 1190/1/821 804/1/821
f 792/1/822 1177/1/822 1180/1/822 796/1/822
f 796/1/823 1180/1/823 1176/1/823 790/1/823
f 778/1/824 1184/1/824 1187/1/824 782/1/824
f 782/1/825 1187/1/825 1183/1/825 776/1/825
f 1182/1/826 1196/1/826 1202/1/826 1185/1/826
f 1185/1/827 1202/1/827 1198/1/827 1183/1/827
f 1175/1/828 1203/1/828 1209/1/828 1178/1/828
f 1178/1/829 1209/1/829 1205/1/829 1176/1/829
f 1189/1/830 1210/1/830 1216/1/830 1192/1/830
f 1192/1/831 1216/1/831 1212/1/831 1190/1/831
f 770/1/832 1198/1/832 1201/1/832 774/1/832
f 774/1/833 1201/1/833 1197/1/833 771/1/833
f 784/1/834 1205/1/834 1208/1/834 788/1/834
f 788/1/835 1208/1/835 1204/1/835 785/1/835
f 798/1/836 1212/1/836 1215/1/836 802/1/836
f 802/1/837 1215/1/837 1211/1/837 799/1/837
f 812/1/838 769/1/838 775/1/838 816/1/838
f 816/1/839 775/1/839 771/1/839 813/1/839
f 826/1/840 783/1/840 789/1/840 830/1/840
f 830/1/841 789/1/841 785/1/841 827/1/841
f 840/1/842 797/1/842 803/1/842 844/1/842
f 844/1/843 803/1/843 799/1/843 841/1/843
f 854/1/844 811/1/844 817/1/844 858/1/844
f 858/1/845 817/1/845 813/1/845 855/1/845
f 868/1/846 825/1/846 831/1/846 872/1/846
f 872/1/847 831/1/847 827/1/847 869/1/847
f 882/1/848 839/1/848 845/1/848 886/1/848
f 886/1/849 845/1/849 841/1/849 883/1/849
f 896/1/850 853/1/850 859/1/850 900/1/850
f 900/1/851 859/1/851 855/1/851 897/1/851
f 910/1/852 867/1/852 873/1/852 914/1/852
f 914/1/853 873/1/853 869/1/853 911/1/853
f 924/1/854 881/1/854 887/1/854 928/1/854
f 928/1/855 887/1/855 883/1/855 925/1/855
f 938/1/856 895/1/856 901/1/856 942/1/856
f 942/1/857 901/1/857 897/1/857 939/1/857
f 952/1/858 909/1/858 915/1/858 956/1/858
f 956/1/859 915/1/859 911/1/859 953/1/859
f 966/1/860 923/1/860 929/1/860 970/1/860
f 970/1/861 929/1/861 925/1/861 967/1/861
f 1210/1/862 937/1/862 943/1/862 1213/1/862
f 1213/1/863 943/1/863 939/1/863 1211/1/863
f 980/1/864 951/1/864 957/1/864 984/1/864
f 984/1/865 957/1/865 953/1/865 981/1/865
f 994/1/866 965/1/866 971/1/866 998/1/866
f 998/1/867 971/1/867 967/1/867 995/1/867
f 1008/1/868 979/1/868 985/1/868 1012/1/868
f 1012/1/869 985/1/869 981/1/869 1009/1/869
f 1022/1/870 993/1/870 999/1/870 1026/1/870
f 1026/1/871 999/1/871 995/1/871 1023/1/871
f 1036/1/872 1007/1/872 1013/1/872 1040/1/872
f 1040/1/873 1013/1/873 1009/1/873 1037/1/873
f 1050/1/874 1021/1/874 1027/1/874 1054/1/874
f 1054/1/875 1027/1/875 1023/1/875 1051/1/875
f 1064/1/876 1035/1/876 1041/1/876 1068/1/876
f 1068/1/877 1041/1/877 1037/1/877 1065/1/877
f 1078/1/878 1049/1/878 1055/1/878 1082/1/878
f 1082/1/879 1055/1/879 1051/1/879 1079/1/879
f 1092/1/880 1063/1/880 1069/1/880 1096/1/880
f 1096/1/881 1069/1/881 1065/1/881 1093/1/881
f 1106/1/882 1077/1/882 1083/1/882 1110/1/882
f 1110/1/883 1083/1/883 1079/1/883 1107/1/883
f 1120/1/884 1091/1/884 1097/1/884 1124/1/884
f 1124/1/885 1097/1/885 1093/1/885 1121/1/885
f 1134/1/886 1105/1/886 1111/1/886 1138/1/886
f 1138/1/887 1111/1/887 1107/1/887 1135/1/887
f 1148/1/888 1119/1/888 1125/1/888 1152/1/888
f 1152/1/889 1125/1/889 1121/1/889 1149/1/889
f 1162/1/890 1133/1/890 1139/1/890 1166/1/890
f 1166/1/891 1139/1/891 1135/1/891 1163/1/891
f 1196/1/892 1147/1/892 1153/1/892 1199/1/892
f 1199/1/893 1153/1/893 1149/1/893 1197/1/893
f 1203/1/894 1161/1/894 1167/1/894 1206/1/894
f 1206/1/895 1167/1/895 1163/1/895 1204/1/895
f 33/1/896 36/1/896 771/1/896 1197/1/896
f 769/1/30 812/1/30 818/1/30 777/1/30
f 36/1/897 39/1/897 813/1/897 771/1/897
f 1198/1/28 770/1/28 776/1/28 1183/1/28
f 1/1/898 2/1/898 1184/1/898 778/1/898
f 7/1/899 1/1/899 778/1/899 820/1/899
f 34/1/900 37/1/900 785/1/900 1204/1/900
f 783/1/13 826/1/13 832/1/13 791/1/13
f 37/1/901 40/1/901 827/1/901 785/1/901
f 1205/1/10 784/1/10 790/1/10 1176/1/10
f 3/1/902 4/1/902 1177/1/902 792/1/902
f 8/1/903 3/1/903 792/1/903 834/1/903
f 35/1/904 38/1/904 799/1/904 1211/1/904
f 797/1/14 840/1/14 846/1/14 805/1/14
f 38/1/905 41/1/905 841/1/905 799/1/905
f 1212/1/11 798/1/11 804/1/11 1190/1/11
f 5/1/906 6/1/906 1191/1/906 806/1/906
f 9/1/907 5/1/907 806/1/907 848/1/907
f 811/1/32 854/1/32 860/1/32 819/1/32
f 39/1/908 42/1/908 855/1/908 813/1/908
f 10/1/909 7/1/909 820/1/909 862/1/909
f 825/1/16 868/1/16 874/1/16 833/1/16
f 40/1/910 43/1/910 869/1/910 827/1/910
f 11/1/911 8/1/911 834/1/911 876/1/911
f 839/1/17 882/1/17 888/1/17 847/1/17
f 41/1/912 44/1/912 883/1/912 841/1/912
f 12/1/913 9/1/913 848/1/913 890/1/913
f 853/1/2 896/1/2 902/1/2 861/1/2
f 42/1/914 45/1/914 897/1/914 855/1/914
f 13/1/915 10/1/915 862/1/915 904/1/915
f 867/1/3 910/1/3 916/1/3 875/1/3
f 43/1/916 46/1/916 911/1/916 869/1/916
f 14/1/917 11/1/917 876/1/917 918/1/917
f 881/1/19 924/1/19 930/1/19 889/1/19
f 44/1/918 47/1/918 925/1/918 883/1/918
f 15/1/919 12/1/919 890/1/919 932/1/919
f 895/1/5 938/1/5 944/1/5 903/1/5
f 45/1/920 48/1/920 939/1/920 897/1/920
f 16/1/921 13/1/921 904/1/921 946/1/921
f 909/1/6 952/1/6 958/1/6 917/1/6
f 46/1/922 49/1/922 953/1/922 911/1/922
f 17/1/923 14/1/923 918/1/923 960/1/923
f 923/1/21 966/1/21 972/1/21 931/1/21
f 47/1/924 50/1/924 967/1/924 925/1/924
f 18/1/925 15/1/925 932/1/925 974/1/925
f 937/1/8 1210/1/8 1189/1/8 945/1/8
f 48/1/926 35/1/926 1211/1/926 939/1/926
f 6/1/927 16/1/927 946/1/927 1191/1/927
f 951/1/9 980/1/9 986/1/9 959/1/9
f 49/1/928 51/1/928 981/1/928 953/1/928
f 19/1/929 17/1/929 960/1/929 988/1/929
f 965/1/23 994/1/23 1000/1/23 973/1/23
f 50/1/930 52/1/930 995/1/930 967/1/930
f 20/1/931 18/1/931 974/1/931 1002/1/931
f 979/1/12 1008/1/12 1014/1/12 987/1/12
f 51/1/932 53/1/932 1009/1/932 981/1/932
f 21/1/933 19/1/933 988/1/933 1016/1/933
f 993/1/25 1022/1/25 1028/1/25 1001/1/25
f 52/1/934 54/1/934 1023/1/934 995/1/934
f 22/1/935 20/1/935 1002/1/935 1030/1/935
f 1007/1/15 1036/1/15 1042/1/15 1015/1/15
f 53/1/936 55/1/936 1037/1/936 1009/1/936
f 23/1/937 21/1/937 1016/1/937 1044/1/937
f 1021/1/27 1050/1/27 1056/1/27 1029/1/27
f 54/1/938 56/1/938 1051/1/938 1023/1/938
f 24/1/939 22/1/939 1030/1/939 1058/1/939
f 1035/1/18 1064/1/18 1070/1/18 1043/1/18
f 55/1/940 57/1/940 1065/1/940 1037/1/940
f 25/1/941 23/1/941 1044/1/941 1072/1/941
f 1049/1/29 1078/1/29 1084/1/29 1057/1/29
f 56/1/942 58/1/942 1079/1/942 1051/1/942
f 26/1/943 24/1/943 1058/1/943 1086/1/943
f 1063/1/20 1092/1/20 1098/1/20 1071/1/20
f 57/1/944 59/1/944 1093/1/944 1065/1/944
f 27/1/945 25/1/945 1072/1/945 1100/1/945
f 1077/1/31 1106/1/31 1112/1/31 1085/1/31
f 58/1/946 60/1/946 1107/1/946 1079/1/946
f 28/1/947 26/1/947 1086/1/947 1114/1/947
f 1091/1/22 1120/1/22 1126/1/22 1099/1/22
f 59/1/948 61/1/948 1121/1/948 1093/1/948
f 29/1/949 27/1/949 1100/1/949 1128/1/949
f 1105/1/1 1134/1/1 1140/1/1 1113/1/1
f 60/1/950 62/1/950 1135/1/950 1107/1/950
f 30/1/951 28/1/951 1114/1/951 1142/1/951
f 1119/1/24 1148/1/24 1154/1/24 1127/1/24
f 61/1/952 63/1/952 1149/1/952 1121/1/952
f 31/1/953 29/1/953 1128/1/953 1156/1/953
f 1133/1/4 1162/1/4 1168/1/4 1141/1/4
f 62/1/954 64/1/954 1163/1/954 1135/1/954
f 32/1/955 30/1/955 1142/1/955 1170/1/955
f 1147/1/26 1196/1/26 1182/1/26 1155/1/26
f 63/1/956 33/1/956 1197/1/956 1149/1/956
f 2/1/957 31/1/957 1156/1/957 1184/1/957
f 1161/1/7 1203/1/7 1175/1/7 1169/1/7
f 64/1/958 34/1/958 1204/1/958 1163/1/958
f 4/1/959 32/1/959 1170/1/959 1177/1/959
f 1217/1/960 1220/1/960 1223/1/960 1222/1/960
f 1220/1/961 1221/1/961 1224/1/961 1223/1/961
f 1222/1/962 1223/1/962 1235/1/962 1232/1/962
f 1223/1/963 1224/1/963 1225/1/963 1235/1/963
f 1218/1/964 1226/1/964 1229/1/964 1228/1/964
f 1226/1/965 1227/1/965 1230/1/965 1229/1/965
f 1228/1/966 1229/1/966 1224/1/966 1221/1/966
f 1229/1/967 1230/1/967 1225/1/967 1224/1/967
f 1219/1/968 1231/1/968 1234/1/968 1233/1/968
f 1231/1/969 1232/1/969 1235/1/969 1234/1/969
f 1233/1/970 1234/1/970 1230/1/970 1227/1/970
f 1234/1/971 1235/1/971 1225/1/971 1230/1/971
f 1236/1/972 1239/1/972 1242/1/972 1241/1/972
f 1239/1/973 1240/1/973 1243/1/973 1242/1/973
f 1241/1/974 1242/1/974 1254/1/974 1251/1/974
f 1242/1/975 1243/1/975 1244/1/975 1254/1/975
f 1237/1/976 1245/1/976 1248/1/976 1247/1/976
f 1245/1/977 1246/1/977 1249/1/977 1248/1/977
f 1247/1/978 1248/1/978 1243/1/978 1240/1/978
f 1248/1/979 1249/1/979 1244/1/979 1243/1/979
f 1238/1/980 1250/1/980 1253/1/980 1252/1/980
f 1250/1/981 1251/1/981 1254/1/981 1253/1/981
f 1252/1/982 1253/1/982 1249/1/982 1246/1/982
f 1253/1/983 1254/1/983 1244/1/983 1249/1/983
f 1255/1/984 1258/1/984 1261/1/984 1260/1/984
f 1258/1/985 1259/1/985 1262/1/985 1261/1/985
f 1260/1/986 1261/1/986 1273/1/986 1270/1/986
f 1261/1/987 1262/1/987 1263/1/987 1273/1/987
f 1256/1/988 1264/1/988 1267/1/988 1266/1/988
f 1264/1/989 1265/1/989 1268/1/989 1267/1/989
f 1266/1/990 1267/1/990 1262/1/990 1259/1/990
f 1267/1/991 1268/1/991 1263/1/991 1262/1/991
f 1257/1/992 1269/1/992 1272/1/992 1271/1/992
f 1269/1/993 1270/1/993 1273/1/993 1272/1/993
f 1271/1/994 1272/1/994 1268/1/994 1265/1/994
f 1272/1/995 1273/1/995 1263/1/995 1268/1/995
f 1274/1/996 1277/1/996 1280/1/996 1279/1/996
f 1277/1/997 1278/1/997 1281/1/997 1280/1/997
f 1279/1/998 1280/1/998 1292/1/998 1289/1/998
f 1280/1/999 1281/1/999 1282/1/999 1292/1/999
f 1275/1/1000 1283/1/1000 1286/1/1000 1285/1/1000
f 1283/1/1001 1284/1/1001 1287/1/1001 1286/1/1001
f 1285/1/1002 1286/1/1002 1281/1/1002 1278/1/1002
f 1286/1/1003 1287/1/1003 1282/1/1003 1281/1/1003
f 1276/1/1004 1288/1/1004 1291/1/1004 1290/1/1004
f 1288/1/1005 1289/1/1005 1292/1/1005 1291/1/1005
f 1290/1/1006 1291/1/1006 1287/1/1006 1284/1/1006
f 1291/1/1007 1292/1/1007 1282/1/1007 1287/1/1007
f 1293/1/1008 1296/1/1008 1299/1/1008 1298/1/1008
f 1296/1/1009 1297/1/1009 1300/1/1009 1299/1/1009
f 1298/1/1010 1299/1/1010 1311/1/1010 1308/1/1010
f 1299/1/1011 1300/1/1011 1301/1/1011 1311/1/1011
f 1294/1/1012 1302/1/1012 1305/1/1012 1304/1/1012
f 1302/1/1013 1303/1/1013 1306/1/1013 1305/1/1013
f 1304/1/1014 1305/1/1014 1300/1/1014 1297/1/1014
f 1305/1/1015 1306/1/1015 1301/1/1015 1300/1/1015
f 1295/1/1016 1307/1/1016 1310/1/1016 1309/1/1016
f 1307/1/1017 1308/1/1017 1311/1/1017 1310/1/1017
f 1309/1/1018 1310/1/1018 1306/1/1018 1303/1/1018
f 1310/1/1019 1311/1/1019 1301/1/1019 1306/1/1019
f 1312/1/1020 1315/1/1020 1318/1/1020 1317/1/1020
f 1315/1/1021 1316/1/1021 1319/1/1021 1318/1/1021
f 1317/1/1022 1318/1/1022 1330/1/1022 1327/1/1022
f 1318/1/1023 1319/1/1023 1320/1/1023 1330/1/1023
f 1313/1/1024 1321/1/1024 1324/1/1024 1323/1/1024
f 1321/1/1025 1322/1/1025 1325/1/1025 1324/1/1025
f 1323/1/1026 1324/1/1026 1319/1/1026 1316/1/1026
f 1324/1/1027 1325/1/1027 1320/1/1027 1319/1/1027
f 1314/1/1028 1326/1/1028 1329/1/1028 1328/1/1028
f 1326/1/1029 1327/1/1029 1330/1/1029 1329/1/1029
f 1328/1/1030 1329/1/1030 1325/1/1030 1322/1/1030
f 1329/1/1031 1330/1/1031 1320/1/1031 1325/1/1031
f 1331/1/1032 1334/1/1032 1337/1/1032 1336/1/1032
f 1334/1/1033 1335/1/1033 1338/1/1033 1337/1/1033
f 1336/1/1034 1337/1/1034 1349/1/1034 1346/1/1034
f 1337/1/1035 1338/1/1035 1339/1/1035 1349/1/1035
f 1332/1/1036 1340/1/1036 1343/1/1036 1342/1/1036
f 1340/1/1037 1341/1/1037 1344/1/1037 1343/1/1037
f 1342/1/1038 1343/1/1038 1338/1/1038 1335/1/1038
f 1343/1/1039 1344/1/1039 1339/1/1039 1338/1/1039
f 1333/1/1040 1345/1/1040 1348/1/1040 1347/1/1040
f 1345/1/1041 1346/1/1041 1349/1/1041 1348/1/1041
f 1347/1/1042 1348/1/1042 1344/1/1042 1341/1/1042
f 1348/1/1043 1349/1/1043 1339/1/1043 1344/1/1043
f 1350/1/1044 1353/1/1044 1356/1/1044 1355/1/1044
f 1353/1/1045 1354/1/1045 1357/1/1045 1356/1/1045
f 1355/1/1046 1356/1/1046 1368/1/1046 1365/1/1046
f 1356/1/1047 1357/1/1047 1358/1/1047 1368/1/1047
f 1351/1/1048 1359/1/1048 1362/1/1048 1361/1/1048
f 1359/1/1049 1360/1/1049 1363/1/1049 1362/1/1049
f 1361/1/1050 1362/1/1050 1357/1/1050 1354/1/1050
f 1362/1/1051 1363/1/1051 1358/1/1051 1357/1/1051
f 1352/1/1052 1364/1/1052 1367/1/1052 1366/1/1052
f 1364/1/1053 1365/1/1053 1368/1/1053 1367/1/1053
f 1366/1/1054 1367/1/1054 1363/1/1054 1360/1/1054
f 1367/1/1055 1368/1/1055 1358/1/1055 1363/1/1055
f 1369/1/1056 1372/1/1056 1375/1/1056 1374/1/1056
f 1372/1/1057 1373/1/1057 1376/1/1057 1375/1/1057
f 1374/1/1058 1375/1/1058 1387/1/1058 1384/1/1058
f 1375/1/1059 1376/1/1059 1377/1/1059 1387/1/1059
f 1370/1/1060 1378/1/1060 1381/1/1060 1380/1/1060
f 1378/1/1061 1379/1/1061 1382/1/1061 1381/1/1061
f 1380/1/1062 1381/1/1062 1376/1/1062 1373/1/1062
f 1381/1/1063 1382/1/1063 1377/1/1063 1376/1/1063
f 1371/1/1064 1383/1/1064 1386/1/1064 1385/1/1064
f 1383/1/1065 1384/1/1065 1387/1/1065 1386/1/1065
f 1385/1/1066 1386/1/1066 1382/1/1066 1379/1/1066
f 1386/1/1067 1387/1/1067 1377/1/1067 1382/1/1067
f 1388/1/1068 1391/1/1068 1394/1/1068 1393/1/1068
f 1391/1/1069 1392/1/1069 1395/1/1069 1394/1/1069
f 1393/1/1070 1394/1/1070 1406/1/1070 1403/1/1070
f 1394/1/1071 1395/1/1071 1396/1/1071 1406/1/1071
f 1389/1/1072 1397/1/1072 1400/1/1072 1399/1/1072
f 1397/1/1073 1398/1/1073 1401/1/1073 1400/1/1073
f 1399/1/1074 1400/1/1074 1395/1/1074 1392/1/1074
f 1400/1/1075 1401/1/1075 1396/1/1075 1395/1/1075
f 1390/1/1076 1402/1/1076 1405/1/1076 1404/1/1076
f 1402/1/1077 1403/1/1077 1406/1/1077 1405/1/1077
f 1404/1/1078 1405/1/1078 1401/1/1078 1398/1/1078
f 1405/1/1079 1406/1/1079 1396/1/1079 1401/1/1079
f 1407/1/1080 1410/1/1080 1413/1/1080 1412/1/1080
f 1410/1/1081 1411/1/1081 1414/1/1081 1413/1/1081
f 1412/1/1082 1413/1/1082 1425/1/1082 1422/1/1082
f 1413/1/1083 1414/1/1083 1415/1/1083 1425/1/1083
f 1408/1/1084 1416/1/1084 1419/1/1084 1418/1/1084
f 1416/1/1085 1417/1/1085 1420/1/1085 1419/1/1085
f 1418/1/1086 1419/1/1086 1414/1/1086 1411/1/1086
f 1419/1/1087 1420/1/1087 1415/1/1087 1414/1/1087
f 1409/1/1088 1421/1/1088 1424/1/1088 1423/1/1088
f 1421/1/1089 1422/1/1089 1425/1/1089 1424/1/1089
f 1423/1/1090 1424/1/1090 1420/1/1090 1417/1/1090
f 1424/1/1091 1425/1/1091 1415/1/1091 1420/1/1091
f 1426/1/1092 1429/1/1092 1432/1/1092 1431/1/1092
f 1429/1/1093 1430/1/1093 1433/1/1093 1432/1/1093
f 1431/1/1094 1432/1/1094 1444/1/1094 1441/1/1094
f 1432/1/1095 1433/1/1095 1434/1/1095 1444/1/1095
f 1427/1/1096 1435/1/1096 1438/1/1096 1437/1/1096
f 1435/1/1097 1436/1/1097 1439/1/1097 1438/1/1097
f 1437/1/1098 1438/1/1098 1433/1/1098 1430/1/1098
f 1438/1/1099 1439/1/1099 1434/1/1099 1433/1/1099
f 1428/1/1100 1440/1/1100 1443/1/1100 1442/1/1100
f 1440/1/1101 1441/1/1101 1444/1/1101 1443/1/1101
f 1442/1/1102 1443/1/1102 1439/1/1102 1436/1/1102
f 1443/1/1103 1444/1/1103 1434/1/1103 1439/1/1103
f 1445/1/1104 1448/1/1104 1451/1/1104 1450/1/1104
f 1448/1/1105 1449/1/1105 1452/1/1105 1451/1/1105
f 1450/1/1106 1451/1/1106 1463/1/1106 1460/1/1106
f 1451/1/1107 1452/1/1107 1453/1/1107 1463/1/1107
f 1446/1/1108 1454/1/1108 1457/1/1108 1456/1/1108
f 1454/1/1109 1455/1/1109 1458/1/1109 1457/1/1109
f 1456/1/1110 1457/1/1110 1452/1/1110 1449/1/1110
f 1457/1/1111 1458/1/1111 1453/1/1111 1452/1/1111
f 1447/1/1112 1459/1/1112 1462/1/1112 1461/1/1112
f 1459/1/1113 1460/1/1113 1463/1/1113 1462/1/1113
f 1461/1/1114 1462/1/1114 1458/1/1114 1455/1/1114
f 1462/1/1115 1463/1/1115 1453/1/1115 1458/1/1115
f 1464/1/1116 1467/1/1116 1470/1/1116 1469/1/1116
f 1467/1/1117 1468/1/1117 1471/1/1117 1470/1/1117
f 1469/1/1118 1470/1/1118 1482/1/1118 1479/1/1118
f 1470/1/1119 1471/1/1119 1472/1/1119 1482/1/1119
f 1465/1/1120 1473/1/1120 1476/1/1120 1475/1/1120
f 1473/1/1121 1474/1/1121 1477/1/1121 1476/1/1121
f 1475/1/1122 1476/1/1122 1471/1/1122 1468/1/1122
f 1476/1/1123 1477/1/1123 1472/1/1123 1471/1/1123
f 1466/1/1124 1478/1/1124 1481/1/1124 1480/1/1124
f 1478/1/1125 1479/1/1125 1482/1/1125 1481/1/1125
f 1480/1/1126 1481/1/1126 1477/1/1126 1474/1/1126
f 1481/1/1127 1482/1/1127 1472/1/1127 1477/1/1127
f 1483/1/1128 1486/1/1128 1489/1/1128 1488/1/1128
f 1486/1/1129 1487/1/1129 1490/1/1129 1489/1/1129
f 1488/1/1130 1489/1/1130 1501/1/1130 1498/1/1130
f 1489/1/1131 1490/1/1131 1491/1/1131 1501/1/1131
f 1484/1/1132 1492/1/1132 1495/1/1132 1494/1/1132
f 1492/1/1133 1493/1/1133 1496/1/1133 1495/1/1133
f 1494/1/1134 1495/1/1134 1490/1/1134 1487/1/1134
f 1495/1/1135 1496/1/1135 1491/1/1135 1490/1/1135
f 1485/1/1136 1497/1/1136 1500/1/1136 1499/1/1136
f 1497/1/1137 1498/1/1137 1501/1/1137 1500/1/1137
f 1499/1/1138 1500/1/1138 1496/1/1138 1493/1/1138
f 1500/1/1139 1501/1/1139 1491/1/1139 1496/1/1139
f 1502/1/1140 1505/1/1140 1508/1/1140 1507/1/1140
f 1505/1/1141 1506/1/1141 1509/1/1141 1508/1/1141
f 1507/1/1142 1508/1/1142 1520/1/1142 1517/1/1142
f 1508/1/1143 1509/1/1143 1510/1/1143 1520/1/1143
f 1503/1/1144 1511/1/1144 1514/1/1144 1513/1/1144
f 1511/1/1145 1512/1/1145 1515/1/1145 1514/1/1145
f 1513/1/1146 1514/1/1146 1509/1/1146 1506/1/1146
f 1514/1/1147 1515/1/1147 1510/1/1147 1509/1/1147
f 1504/1/1148 1516/1/1148 1519/1/1148 1518/1/1148
f 1516/1/1149 1517/1/1149 1520/1/1149 1519/1/1149
f 1518/1/1150 1519/1/1150 1515/1/1150 1512/1/1150
f 1519/1/1151 1520/1/1151 1510/1/1151 1515/1/1151
f 1521/1/1152 1524/1/1152 1527/1/1152 1526/1/1152
f 1524/1/1153 1525/1/1153 1528/1/1153 1527/1/1153
f 1526/1/1154 1527/1/1154 1539/1/1154 1536/1/1154
f 1527/1/1155 1528/1/1155 1529/1/1155 1539/1/1155
f 1522/1/1156 1530/1/1156 1533/1/1156 1532/1/1156
f 1530/1/1157 1531/1/1157 1534/1/1157 1533/1/1157
f 1532/1/1158 1533/1/1158 1528/1/1158 1525/1/1158
f 1533/1/1159 1534/1/1159 1529/1/1159 1528/1/1159
f 1523/1/1160 1535/1/1160 1538/1/1160 1537/1/1160
f 1535/1/1161 1536/1/1161 1539/1/1161 1538/1/1161
f 1537/1/1162 1538/1/1162 1534/1/1162 1531/1/1162
f 1538/1/1163 1539/1/1163 1529/1/1163 1534/1/1163
f 1540/1/1164 1543/1/1164 1546/1/1164 1545/1/1164
f 1543/1/1165 1544/1/1165 1547/1/1165 1546/1/1165
f 1545/1/1166 1546/1/1166 1558/1/1166 1555/1/1166
f 1546/1/1167 1547/1/1167 1548/1/1167 1558/1/1167
f 1541/1/1168 1549/1/1168 1552/1/1168 1551/1/1168
f 1549/1/1169 1550/1/1169 1553/1/1169 1552/1/1169
f 1551/1/1170 1552/1/1170 1547/1/1170 1544/1/1170
f 1552/1/1171 1553/1/1171 1548/1/1171 1547/1/1171
f 1542/1/1172 1554/1/1172 1557/1/1172 1556/1/1172
f 1554/1/1173 1555/1/1173 1558/1/1173 1557/1/1173
f 1556/1/1174 1557/1/1174 1553/1/1174 1550/1/1174
f 1557/1/1175 1558/1/1175 1548/1/1175 1553/1/1175
f 1559/1/1176 1562/1/1176 1565/1/1176 1564/1/1176
f 1562/1/1177 1563/1/1177 1566/1/1177 1565/1/1177
f 1564/1/1178 1565/1/1178 1577/1/1178 1574/1/1178
f 1565/1/1179 1566/1/1179 1567/1/1179 1577/1/1179
f 1560/1/1180 1568/1/1180 1571/1/1180 1570/1/1180
f 1568/1/1181 1569/1/1181 1572/1/1181 1571/1/1181
f 1570/1/1182 1571/1/1182 1566/1/1182 1563/1/1182
f 1571/1/1183 1572/1/1183 1567/1/1183 1566/1/1183
f 1561/1/1184 1573/1/1184 1576/1/1184 1575/1/1184
f 1573/1/1185 1574/1/1185 1577/1/1185 1576/1/1185
f 1575/1/1186 1576/1/1186 1572/1/1186 1569/1/1186
f 1576/1/1187 1577/1/1187 1567/1/1187 1572/1/1187
f 1578/1/1188 1581/1/1188 1584/1/1188 1583/1/1188
f 1581/1/1189 1582/1/1189 1585/1/1189 1584/1/1189
f 1583/1/1190 1584/1/1190 1596/1/1190 1593/1/1190
f 1584/1/1191 1585/1/1191 1586/1/1191 1596/1/1191
f 1579/1/1192 1587/1/1192 1590/1/1192 1589/1/1192
f 1587/1/1193 1588/1/1193 1591/1/1193 1590/1/1193
f 1589/1/1194 1590/1/1194 1585/1/1194 1582/1/1194
f 1590/1/1195 1591/1/1195 1586/1/1195 1585/1/1195
f 1580/1/1196 1592/1/1196 1595/1/1196 1594/1/1196
f 1592/1/1197 1593/1/1197 1596/1/1197 1595/1/1197
f 1594/1/1198 1595/1/1198 1591/1/1198 1588/1/1198
f 1595/1/1199 1596/1/1199 1586/1/1199 1591/1/1199
f 1597/1/1200 1600/1/1200 1603/1/1200 1602/1/1200
f 1600/1/1201 1601/1/1201 1604/1/1201 1603/1/1201
f 1602/1/1202 1603/1/1202 1615/1/1202 1612/1/1202
f 1603/1/1203 1604/1/1203 1605/1/1203 1615/1/1203
f 1598/1/1204 1606/1/1204 1609/1/1204 1608/1/1204
f 1606/1/1205 1607/1/1205 1610/1/1205 1609/1/1205
f 1608/1/1206 1609/1/1206 1604/1/1206 1601/1/1206
f 1609/1/1207 1610/1/1207 1605/1/1207 1604/1/1207
f 1599/1/1208 1611/1/1208 1614/1/1208 1613/1/1208
f 1611/1/1209 1612/1/1209 1615/1/1209 1614/1/1209
f 1613/1/1210 1614/1/1210 1610/1/1210 1607/1/1210
f 1614/1/1211 1615/1/1211 1605/1/1211 1610/1/1211
f 1616/1/1212 1619/1/1212 1622/1/1212 1621/1/1212
f 1619/1/1213 1620/1/1213 1623/1/1213 1622/1/1213
f 1621/1/1214 1622/1/1214 1634/1/1214 1631/1/1214
f 1622/1/1215 1623/1/1215 1624/1/1215 1634/1/1215
f 1617/1/1216 1625/1/1216 1628/1/1216 1627/1/1216
f 1625/1/1217 1626/1/1217 1629/1/1217 1628/1/1217
f 1627/1/1218 1628/1/1218 1623/1/1218 1620/1/1218
f 1628/1/1219 1629/1/1219 1624/1/1219 1623/1/1219
f 1618/1/1220 1630/1/1220 1633/1/1220 1632/1/1220
f 1630/1/1221 1631/1/1221 1634/1/1221 1633/1/1221
f 1632/1/1222 1633/1/1222 1629/1/1222 1626/1/1222
f 1633/1/1223 1634/1/1223 1624/1/1223 1629/1/1223
f 1635/1/1224 1638/1/1224 1641/1/1224 1640/1/1224
f 1638/1/1225 1639/1/1225 1642/1/1225 1641/1/1225
f 1640/1/1226 1641/1/1226 1653/1/1226 1650/1/1226
f 1641/1/1227 1642/1/1227 1643/1/1227 1653/1/1227
f 1636/1/1228 1644/1/1228 1647/1/1228 1646/1/1228
f 1644/1/1229 1645/1/1229 1648/1/1229 1647/1/1229
f 1646/1/1230 1647/1/1230 1642/1/1230 1639/1/1230
f 1647/1/1231 1648/1/1231 1643/1/1231 1642/1/1231
f 1637/1/1232 1649/1/1232 1652/1/1232 1651/1/1232
f 1649/1/1233 1650/1/1233 1653/1/1233 1652/1/1233
f 1651/1/1234 1652/1/1234 1648/1/1234 1645/1/1234
f 1652/1/1235 1653/1/1235 1643/1/1235 1648/1/1235
f 1654/1/1236 1657/1/1236 1660/1/1236 1659/1/1236
f 1657/1/1237 1658/1/1237 1661/1/1237 1660/1/1237
f 1659/1/1238 1660/1/1238 1672/1/1238 1669/1/1238
f 1660/1/1239 1661/1/1239 1662/1/1239 1672/1/1239
f 1655/1/1240 1663/1/1240 1666/1/1240 1665/1/1240
f 1663/1/1241 1664/1/1241 1667/1/1241 1666/1/1241
f 1665/1/1242 1666/1/1242 1661/1/1242 1658/1/1242
f 1666/1/1243 1667/1/1243 1662/1/1243 1661/1/1243
f 1656/1/1244 1668/1/1244 1671/1/1244 1670/1/1244
f 1668/1/1245 1669/1/1245 1672/1/1245 1671/1/1245
f 1670/1/1246 1671/1/1246 1667/1/1246 1664/1/1246
f 1671/1/1247 1672/1/1247 1662/1/1247 1667/1/1247
f 1673/1/1248 1676/1/1248 1679/1/1248 1678/1/1248
f 1676/1/1249 1677/1/1249 1680/1/1249 1679/1/1249
f 1678/1/1250 1679/1/1250 1691/1/1250 1688/1/1250
f 1679/1/1251 1680/1/1251 1681/1/1251 1691/1/1251
f 1674/1/1252 1682/1/1252 1685/1/1252 1684/1/1252
f 1682/1/1253 1683/1/1253 1686/1/1253 1685/1/1253
f 1684/1/1254 1685/1/1254 1680/1/1254 1677/1/1254
f 1685/1/1255 1686/1/1255 1681/1/1255 1680/1/1255
f 1675/1/1256 1687/1/1256 1690/1/1256 1689/1/1256
f 1687/1/1257 1688/1/1257 1691/1/1257 1690/1/1257
f 1689/1/1258 1690/1/1258 1686/1/1258 1683/1/1258
f 1690/1/1259 1691/1/1259 1681/1/1259 1686/1/1259
f 1692/1/1260 1695/1/1260 1698/1/1260 1697/1/1260
f 1695/1/1261 1696/1/1261 1699/1/1261 1698/1/1261
f 1697/1/1262 1698/1/1262 1710/1/1262 1707/1/1262
f 1698/1/1263 1699/1/1263 1700/1/1263 1710/1/1263
f 1693/1/1264 1701/1/1264 1704/1/1264 1703/1/1264
f 1701/1/1265 1702/1/1265 1705/1/1265 1704/1/1265
f 1703/1/1266 1704/1/1266 1699/1/1266 1696/1/1266
f 1704/1/1267 1705/1/1267 1700/1/1267 1699/1/1267
f 1694/1/1268 1706/1/1268 1709/1/1268 1708/1/1268
f 1706/1/1269 1707/1/1269 1710/1/1269 1709/1/1269
f 1708/1/1270 1709/1/1270 1705/1/1270 1702/1/1270
f 1709/1/1271 1710/1/1271 1700/1/1271 1705/1/1271
f 1711/1/1272 1714/1/1272 1717/1/1272 1716/1/1272
f 1714/1/1273 1715/1/1273 1718/1/1273 1717/1/1273
f 1716/1/1274 1717/1/1274 1729/1/1274 1726/1/1274
f 1717/1/1275 1718/1/1275 1719/1/1275 1729/1/1275
f 1712/1/1276 1720/1/1276 1723/1/1276 1722/1/1276
f 1720/1/1277 1721/1/1277 1724/1/1277 1723/1/1277
f 1722/1/1278 1723/1/1278 1718/1/1278 1715/1/1278
f 1723/1/1279 1724/1/1279 1719/1/1279 1718/1/1279
f 1713/1/1280 1725/1/1280 1728/1/1280 1727/1/1280
f 1725/1/1281 1726/1/1281 1729/1/1281 1728/1/1281
f 1727/1/1282 1728/1/1282 1724/1/1282 1721/1/1282
f 1728/1/1283 1729/1/1283 1719/1/1283 1724/1/1283
f 1730/1/1284 1733/1/1284 1736/1/1284 1735/1/1284
f 1733/1/1285 1734/1/1285 1737/1/1285 1736/1/1285
f 1735/1/1286 1736/1/1286 1748/1/1286 1745/1/1286
f 1736/1/1287 1737/1/1287 1738/1/1287 1748/1/1287
f 1731/1/1288 1739/1/1288 1742/1/1288 1741/1/1288
f 1739/1/1289 1740/1/1289 1743/1/1289 1742/1/1289
f 1741/1/1290 1742/1/1290 1737/1/1290 1734/1/1290
f 1742/1/1291 1743/1/1291 1738/1/1291 1737/1/1291
f 1732/1/1292 1744/1/1292 1747/1/1292 1746/1/1292
f 1744/1/1293 1745/1/1293 1748/1/1293 1747/1/1293
f 1746/1/1294 1747/1/1294 1743/1/1294 1740/1/1294
f 1747/1/1295 1748/1/1295 1738/1/1295 1743/1/1295
f 1749/1/1296 1752/1/1296 1755/1/1296 1754/1/1296
f 1752/1/1297 1753/1/1297 1756/1/1297 1755/1/1297
f 1754/1/1298 1755/1/1298 1767/1/1298 1764/1/1298
f 1755/1/1299 1756/1/1299 1757/1/1299 1767/1/1299
f 1750/1/1300 1758/1/1300 1761/1/1300 1760/1/1300
f 1758/1/1301 1759/1/1301 1762/1/1301 1761/1/1301
f 1760/1/1302 1761/1/1302 1756/1/1302 1753/1/1302
f 1761/1/1303 1762/1/1303 1757/1/1303 1756/1/1303
f 1751/1/1304 1763/1/1304 1766/1/1304 1765/1/1304
f 1763/1/1305 1764/1/1305 1767/1/1305 1766/1/1305
f 1765/1/1306 1766/1/1306 1762/1/1306 1759/1/1306
f 1766/1/1307 1767/1/1307 1757/1/1307 1762/1/1307
f 1768/1/1308 1771/1/1308 1774/1/1308 1773/1/1308
f 1771/1/1309 1772/1/1309 1775/1/1309 1774/1/1309
f 1773/1/1310 1774/1/1310 1786/1/1310 1783/1/1310
f 1774/1/1311 1775/1/1311 1776/1/1311 1786/1/1311
f 1769/1/1312 1777/1/1312 1780/1/1312 1779/1/1312
f 1777/1/1313 1778/1/1313 1781/1/1313 1780/1/1313
f 1779/1/1314 1780/1/1314 1775/1/1314 1772/1/1314
f 1780/1/1315 1781/1/1315 1776/1/1315 1775/1/1315
f 1770/1/1316 1782/1/1316 1785/1/1316 1784/1/1316
f 1782/1/1317 1783/1/1317 1786/1/1317 1785/1/1317
f 1784/1/1318 1785/1/1318 1781/1/1318 1778/1/1318
f 1785/1/1319 1786/1/1319 1776/1/1319 1781/1/1319
f 1787/1/1320 1790/1/1320 1793/1/1320 1792/1/1320
f 1790/1/1321 1791/1/1321 1794/1/1321 1793/1/1321
f 1792/1/1322 1793/1/1322 1805/1/1322 1802/1/1322
f 1793/1/1323 1794/1/1323 1795/1/1323 1805/1/1323
f 1788/1/1324 1796/1/1324 1799/1/1324 1798/1/1324
f 1796/1/1325 1797/1/1325 1800/1/1325 1799/1/1325
f 1798/1/1326 1799/1/1326 1794/1/1326 1791/1/1326
f 1799/1/1327 1800/1/1327 1795/1/1327 1794/1/1327
f 1789/1/1328 1801/1/1328 1804/1/1328 1803/1/1328
f 1801/1/1329 1802/1/1329 1805/1/1329 1804/1/1329
f 1803/1/1330 1804/1/1330 1800/1/1330 1797/1/1330
f 1804/1/1331 1805/1/1331 1795/1/1331 1800/1/1331
f 1806/1/1332 1809/1/1332 1812/1/1332 1811/1/1332
f 1809/1/1333 1810/1/1333 1813/1/1333 1812/1/1333
f 1811/1/1334 1812/1/1334 1824/1/1334 1821/1/1334
f 1812/1/1335 1813/1/1335 1814/1/1335 1824/1/1335
f 1807/1/1336 1815/1/1336 1818/1/1336 1817/1/1336
f 1815/1/1337 1816/1/1337 1819/1/1337 1818/1/1337
f 1817/1/1338 1818/1/1338 1813/1/1338 1810/1/1338
f 1818/1/1339 1819/1/1339 1814/1/1339 1813/1/1339
f 1808/1/1340 1820/1/1340 1823/1/1340 1822/1/1340
f 1820/1/1341 1821/1/1341 1824/1/1341 1823/1/1341
f 1822/1/1342 1823/1/1342 1819/1/1342 1816/1/1342
f 1823/1/1343 1824/1/1343 1814/1/1343 1819/1/1343
f 1825/1/1344 1828/1/1344 1831/1/1344 1830/1/1344
f 1828/1/1345 1829/1/1345 1832/1/1345 1831/1/1345
f 1830/1/1346 1831/1/1346 1843/1/1346 1840/1/1346
f 1831/1/1347 1832/1/1347 1833/1/1347 1843/1/1347
f 1826/1/1348 1834/1/1348 1837/1/1348 1836/1/1348
f 1834/1/1349 1835/1/1349 1838/1/1349 1837/1/1349
f 1836/1/1350 1837/1/1350 1832/1/1350 1829/1/1350
f 1837/1/1351 1838/1/1351 1833/1/1351 1832/1/1351
f 1827/1/1352 1839/1/1352 1842/1/1352 1841/1/1352
f 1839/1/1353 1840/1/1353 1843/1/1353 1842/1/1353
f 1841/1/1354 1842/1/1354 1838/1/1354 1835/1/1354
f 1842/1/1355 1843/1/1355 1833/1/1355 1838/1/1355
f 1844/1/1356 1847/1/1356 1850/1/1356 1849/1/1356
f 1847/1/1357 1848/1/1357 1851/1/1357 1850/1/1357
f 1849/1/1358 1850/1/1358 1862/1/1358 1859/1/1358
f 1850/1/1359 1851/1/1359 1852/1/1359 1862/1/1359
f 1845/1/1360 1853/1/1360 1856/1/1360 1855/1/1360
f 1853/1/1361 1854/1/1361 1857/1/1361 1856/1/1361
f 1855/1/1362 1856/1/1362 1851/1/1362 1848/1/1362
f 1856/1/1363 1857/1/1363 1852/1/1363 1851/1/1363
f 1846/1/1364 1858/1/1364 1861/1/1364 1860/1/1364
f 1858/1/1365 1859/1/1365 1862/1/1365 1861/1/1365
f 1860/1/1366 1861/1/1366 1857/1/1366 1854/1/1366
f 1861/1/1367 1862/1/1367 1852/1/1367 1857/1/1367
f 1863/1/1368 1866/1/1368 1869/1/1368 1868/1/1368
f 1866/1/1369 1867/1/1369 1870/1/1369 1869/1/1369
f 1868/1/1370 1869/1/1370 1881/1/1370 1878/1/1370
f 1869/1/1371 1870/1/1371 1871/1/1371 1881/1/1371
f 1864/1/1372 1872/1/1372 1875/1/1372 1874/1/1372
f 1872/1/1373 1873/1/1373 1876/1/1373 1875/1/1373
f 1874/1/1374 1875/1/1374 1870/1/1374 1867/1/1374
f 1875/1/1375 1876/1/1375 1871/1/1375 1870/1/1375
f 1865/1/1376 1877/1/1376 1880/1/1376 1879/1/1376
f 1877/1/1377 1878/1/1377 1881/1/1377 1880/1/1377
f 1879/1/1378 1880/1/1378 1876/1/1378 1873/1/1378
f 1880/1/1379 1881/1/1379 1871/1/1379 1876/1/1379
f 1882/1/1380 1885/1/1380 1888/1/1380 1887/1/1380
f 1885/1/1381 1886/1/1381 1889/1/1381 1888/1/1381
f 1887/1/1382 1888/1/1382 1900/1/1382 1897/1/1382
f 1888/1/1383 1889/1/1383 1890/1/1383 1900/1/1383
f 1883/1/1384 1891/1/1384 1894/1/1384 1893/1/1384
f 1891/1/1385 1892/1/1385 1895/1/1385 1894/1/1385
f 1893/1/1386 1894/1/1386 1889/1/1386 1886/1/1386
f 1894/1/1387 1895/1/1387 1890/1/1387 1889/1/1387
f 1884/1/1388 1896/1/1388 1899/1/1388 1898/1/1388
f 1896/1/1389 1897/1/1389 1900/1/1389 1899/1/1389
f 1898/1/1390 1899/1/1390 1895/1/1390 1892/1/1390
f 1899/1/1391 1900/1/1391 1890/1/1391 1895/1/1391
f 1901/1/1392 1904/1/1392 1907/1/1392 1906/1/1392
f 1904/1/1393 1905/1/1393 1908/1/1393 1907/1/1393
f 1906/1/1394 1907/1/1394 1919/1/1394 1916/1/1394
f 1907/1/1395 1908/1/1395 1909/1/1395 1919/1/1395
f 1902/1/1396 1910/1/1396 1913/1/1396 1912/1/1396
f 1910/1/1397 1911/1/1397 1914/1/1397 1913/1/1397
f 1912/1/1398 1913/1/1398 1908/1/1398 1905/1/1398
f 1913/1/1399 1914/1/1399 1909/1/1399 1908/1/1399
f 1903/1/1400 1915/1/1400 1918/1/1400 1917/1/1400
f 1915/1/1401 1916/1/1401 1919/1/1401 1918/1/1401
f 1917/1/1402 1918/1/1402 1914/1/1402 1911/1/1402
f 1918/1/1403 1919/1/1403 1909/1/1403 1914/1/1403
f 1920/1/1404 1923/1/1404 1926/1/1404 1925/1/1404
f 1923/1/1405 1924/1/1405 1927/1/1405 1926/1/1405
f 1925/1/1406 1926/1/1406 1938/1/1406 1935/1/1406
f 1926/1/1407 1927/1/1407 1928/1/1407 1938/1/1407
f 1921/1/1408 1929/1/1408 1932/1/1408 1931/1/1408
f 1929/1/1409 1930/1/1409 1933/1/1409 1932/1/1409
f 1931/1/1410 1932/1/1410 1927/1/1410 1924/1/1410
f 1932/1/1411 1933/1/1411 1928/1/1411 1927/1/1411
f 1922/1/1412 1934/1/1412 1937/1/1412 1936/1/1412
f 1934/1/1413 1935/1/1413 1938/1/1413 1937/1/1413
f 1936/1/1414 1937/1/1414 1933/1/1414 1930/1/1414
f 1937/1/1415 1938/1/1415 1928/1/1415 1933/1/1415
f 1939/1/1416 1942/1/1416 1945/1/1416 1944/1/1416
f 1942/1/1417 1943/1/1417 1946/1/1417 1945/1/1417
f 1944/1/1418 1945/1/1418 1957/1/1418 1954/1/1418
f 1945/1/1419 1946/1/1419 1947/1/1419 1957/1/1419
f 1940/1/1420 1948/1/1420 1951/1/1420 1950/1/1420
f 1948/1/1421 1949/1/1421 1952/1/1421 1951/1/1421
f 1950/1/1422 1951/1/1422 1946/1/1422 1943/1/1422
f 1951/1/1423 1952/1/1423 1947/1/1423 1946/1/1423
f 1941/1/1424 1953/1/1424 1956/1/1424 1955/1/1424
f 1953/1/1425 1954/1/1425 1957/1/1425 1956/1/1425
f 1955/1/1426 1956/1/1426 1952/1/1426 1949/1/1426
f 1956/1/1427 1957/1/1427 1947/1/1427 1952/1/1427
f 1958/1/1428 1961/1/1428 1964/1/1428 1963/1/1428
f 1961/1/1429 1962/1/1429 1965/1/1429 1964/1/1429
f 1963/1/1430 1964/1/1430 1976/1/1430 1973/1/1430
f 1964/1/1431 1965/1/1431 1966/1/1431 1976/1/1431
f 1959/1/1432 1967/1/1432 1970/1/1432 1969/1/1432
f 1967/1/1433 1968/1/1433 1971/1/1433 1970/1/1433
f 1969/1/1434 1970/1/1434 1965/1/1434 1962/1/1434
f 1970/1/1435 1971/1/1435 1966/1/1435 1965/1/1435
f 1960/1/1436 1972/1/1436 1975/1/1436 1974/1/1436
f 1972/1/1437 1973/1/1437 1976/1/1437 1975/1/1437
f 1974/1/1438 1975/1/1438 1971/1/1438 1968/1/1438
f 1975/1/1439 1976/1/1439 1966/1/1439 1971/1/1439
f 1977/1/1440 1980/1/1440 1983/1/1440 1982/1/1440
f 1980/1/1441 1981/1/1441 1984/1/1441 1983/1/1441
f 1982/1/1442 1983/1/1442 1995/1/1442 1992/1/1442
f 1983/1/1443 1984/1/1443 1985/1/1443 1995/1/1443
f 1978/1/1444 1986/1/1444 1989/1/1444 1988/1/1444
f 1986/1/1445 1987/1/1445 1990/1/1445 1989/1/1445
f 1988/1/1446 1989/1/1446 1984/1/1446 1981/1/1446
f 1989/1/1447 1990/1/1447 1985/1/1447 1984/1/1447
f 1979/1/1448 1991/1/1448 1994/1/1448 1993/1/1448
f 1991/1/1449 1992/1/1449 1995/1/1449 1994/1/1449
f 1993/1/1450 1994/1/1450 1990/1/1450 1987/1/1450
f 1994/1/1451 1995/1/1451 1985/1/1451 1990/1/1451
f 1996/1/1452 1999/1/1452 2002/1/1452 2001/1/1452
f 1999/1/1453 2000/1/1453 2003/1/1453 2002/1/1453
f 2001/1/1454 2002/1/1454 2014/1/1454 2011/1/1454
f 2002/1/1455 2003/1/1455 2004/1/1455 2014/1/1455
f 1997/1/1456 2005/1/1456 2008/1/1456 2007/1/1456
f 2005/1/1457 2006/1/1457 2009/1/1457 2008/1/1457
f 2007/1/1458 2008/1/1458 2003/1/1458 2000/1/1458
f 2008/1/1459 2009/1/1459 2004/1/1459 2003/1/1459
f 1998/1/1460 2010/1/1460 2013/1/1460 2012/1/1460
f 2010/1/1461 2011/1/1461 2014/1/1461 2013/1/1461
f 2012/1/1462 2013/1/1462 2009/1/1462 2006/1/1462
f 2013/1/1463 2014/1/1463 2004/1/1463 2009/1/1463
f 2015/1/1464 2018/1/1464 2021/1/1464 2020/1/1464
f 2018/1/1465 2019/1/1465 2022/1/1465 2021/1/1465
f 2020/1/1466 2021/1/1466 2033/1/1466 2030/1/1466
f 2021/1/1467 2022/1/1467 2023/1/1467 2033/1/1467
f 2016/1/1468 2024/1/1468 2027/1/1468 2026/1/1468
f 2024/1/1469 2025/1/1469 2028/1/1469 2027/1/1469
f 2026/1/1470 2027/1/1470 2022/1/1470 2019/1/1470
f 2027/1/1471 2028/1/1471 2023/1/1471 2022/1/1471
f 2017/1/1472 2029/1/1472 2032/1/1472 2031/1/1472
f 2029/1/1473 2030/1/1473 2033/1/1473 2032/1/1473
f 2031/1/1474 2032/1/1474 2028/1/1474 2025/1/1474
f 2032/1/1475 2033/1/1475 2023/1/1475 2028/1/1475
f 2034/1/1476 2037/1/1476 2040/1/1476 2039/1/1476
f 2037/1/1477 2038/1/1477 2041/1/1477 2040/1/1477
f 2039/1/1478 2040/1/1478 2052/1/1478 2049/1/1478
f 2040/1/1479 2041/1/1479 2042/1/1479 2052/1/1479
f 2035/1/1480 2043/1/1480 2046/1/1480 2045/1/1480
f 2043/1/1481 2044/1/1481 2047/1/1481 2046/1/1481
f 2045/1/1482 2046/1/1482 2041/1/1482 2038/1/1482
f 2046/1/1483 2047/1/1483 2042/1/1483 2041/1/1483
f 2036/1/1484 2048/1/1484 2051/1/1484 2050/1/1484
f 2048/1/1485 2049/1/1485 2052/1/1485 2051/1/1485
f 2050/1/1486 2051/1/1486 2047/1/1486 2044/1/1486
f 2051/1/1487 2052/1/1487 2042/1/1487 2047/1/1487
f 2053/1/1488 2056/1/1488 2059/1/1488 2058/1/1488
f 2056/1/1489 2057/1/1489 2060/1/1489 2059/1/1489
f 2058/1/1490 2059/1/1490 2071/1/1490 2068/1/1490
f 2059/1/1491 2060/1/1491 2061/1/1491 2071/1/1491
f 2054/1/1492 2062/1/1492 2065/1/1492 2064/1/1492
f 2062/1/1493 2063/1/1493 2066/1/1493 2065/1/1493
f 2064/1/1494 2065/1/1494 2060/1/1494 2057/1/1494
f 2065/1/1495 2066/1/1495 2061/1/1495 2060/1/1495
f 2055/1/1496 2067/1/1496 2070/1/1496 2069/1/1496
f 2067/1/1497 2068/1/1497 2071/1/1497 2070/1/1497
f 2069/1/1498 2070/1/1498 2066/1/1498 2063/1/1498
f 2070/1/1499 2071/1/1499 2061/1/1499 2066/1/1499
f 2072/1/1500 2075/1/1500 2078/1/1500 2077/1/1500
f 2075/1/1501 2076/1/1501 2079/1/1501 2078/1/1501
f 2077/1/1502 2078/1/1502 2090/1/1502 2087/1/1502
f 2078/1/1503 2079/1/1503 2080/1/1503 2090/1/1503
f 2073/1/1504 2081/1/1504 2084/1/1504 2083/1/1504
f 2081/1/1505 2082/1/1505 2085/1/1505 2084/1/1505
f 2083/1/1506 2084/1/1506 2079/1/1506 2076/1/1506
f 2084/1/1507 2085/1/1507 2080/1/1507 2079/1/1507
f 2074/1/1508 2086/1/1508 2089/1/1508 2088/1/1508
f 2086/1/1509 2087/1/1509 2090/1/1509 2089/1/1509
f 2088/1/1510 2089/1/1510 2085/1/1510 2082/1/1510
f 2089/1/1511 2090/1/1511 2080/1/1511 2085/1/1511
f 2091/1/1512 2094/1/1512 2097/1/1512 2096/1/1512
f 2094/1/1513 2095/1/1513 2098/1/1513 2097/1/1513
f 2096/1/1514 2097/1/1514 2109/1/1514 2106/1/1514
f 2097/1/1515 2098/1/1515 2099/1/1515 2109/1/1515
f 2092/1/1516 2100/1/1516 2103/1/1516 2102/1/1516
f 2100/1/1517 2101/1/1517 2104/1/1517 2103/1/1517
f 2102/1/1518 2103/1/1518 2098/1/1518 2095/1/1518
f 2103/1/1519 2104/1/1519 2099/1/1519 2098/1/1519
f 2093/1/1520 2105/1/1520 2108/1/1520 2107/1/1520
f 2105/1/1521 2106/1/1521 2109/1/1521 2108/1/1521
f 2107/1/1522 2108/1/1522 2104/1/1522 2101/1/1522
f 2108/1/1523 2109/1/1523 2099/1/1523 2104/1/1523
f 2110/1/1524 2113/1/1524 2116/1/1524 2115/1/1524
f 2113/1/1525 2114/1/1525 2117/1/1525 2116/1/1525
f 2115/1/1526 2116/1/1526 2128/1/1526 2125/1/1526
f 2116/1/1527 2117/1/1527 2118/1/1527 2128/1/1527
f 2111/1/1528 2119/1/1528 2122/1/1528 2121/1/1528
f 2119/1/1529 2120/1/1529 2123/1/1529 2122/1/1529
f 2121/1/1530 2122/1/1530 2117/1/1530 2114/1/1530
f 2122/1/1531 2123/1/1531 2118/1/1531 2117/1/1531
f 2112/1/1532 2124/1/1532 2127/1/1532 2126/1/1532
f 2124/1/1533 2125/1/1533 2128/1/1533 2127/1/1533
f 2126/1/1534 2127/1/1534 2123/1/1534 2120/1/1534
f 2127/1/1535 2128/1/1535 2118/1/1535 2123/1/1535
f 2129/1/1536 2132/1/1536 2135/1/1536 2134/1/1536
f 2132/1/1537 2133/1/1537 2136/1/1537 2135/1/1537
f 2134/1/1538 2135/1/1538 2147/1/1538 2144/1/1538
f 2135/1/1539 2136/1/1539 2137/1/1539 2147/1/1539
f 2130/1/1540 2138/1/1540 2141/1/1540 2140/1/1540
f 2138/1/1541 2139/1/1541 2142/1/1541 2141/1/1541
f 2140/1/1542 2141/1/1542 2136/1/1542 2133/1/1542
f 2141/1/1543 2142/1/1543 2137/1/1543 2136/1/1543
f 2131/1/1544 2143/1/1544 2146/1/1544 2145/1/1544
f 2143/1/1545 2144/1/1545 2147/1/1545 2146/1/1545
f 2145/1/1546 2146/1/1546 2142/1/1546 2139/1/1546
f 2146/1/1547 2147/1/1547 2137/1/1547 2142/1/1547
f 2148/1/1548 2151/1/1548 2154/1/1548 2153/1/1548
f 2151/1/1549 2152/1/1549 2155/1/1549 2154/1/1549
f 2153/1/1550 2154/1/1550 2166/1/1550 2163/1/1550
f 2154/1/1551 2155/1/1551 2156/1/1551 2166/1/1551
f 2149/1/1552 2157/1/1552 2160/1/1552 2159/1/1552
f 2157/1/1553 2158/1/1553 2161/1/1553 2160/1/1553
f 2159/1/1554 2160/1/1554 2155/1/1554 2152/1/1554
f 2160/1/1555 2161/1/1555 2156/1/1555 2155/1/1555
f 2150/1/1556 2162/1/1556 2165/1/1556 2164/1/1556
f 2162/1/1557 2163/1/1557 2166/1/1557 2165/1/1557
f 2164/1/1558 2165/1/1558 2161/1/1558 2158/1/1558
f 2165/1/1559 2166/1/1559 2156/1/1559 2161/1/1559
f 2167/1/1560 2170/1/1560 2173/1/1560 2172/1/1560
f 2170/1/1561 2171/1/1561 2174/1/1561 2173/1/1561
f 2172/1/1562 2173/1/1562 2185/1/1562 2182/1/1562
f 2173/1/1563 2174/1/1563 2175/1/1563 2185/1/1563
f 2168/1/1564 2176/1/1564 2179/1/1564 2178/1/1564
f 2176/1/1565 2177/1/1565 2180/1/1565 2179/1/1565
f 2178/1/1566 2179/1/1566 2174/1/1566 2171/1/1566
f 2179/1/1567 2180/1/1567 2175/1/1567 2174/1/1567
f 2169/1/1568 2181/1/1568 2184/1/1568 2183/1/1568
f 2181/1/1569 2182/1/1569 2185/1/1569 2184/1/1569
f 2183/1/1570 2184/1/1570 2180/1/1570 2177/1/1570
f 2184/1/1571 2185/1/1571 2175/1/1571 2180/1/1571
f 2186/1/1572 2189/1/1572 2192/1/1572 2191/1/1572
f 2189/1/1573 2190/1/1573 2193/1/1573 2192/1/1573
f 2191/1/1574 2192/1/1574 2204/1/1574 2201/1/1574
f 2192/1/1575 2193/1/1575 2194/1/1575 2204/1/1575
f 2187/1/1576 2195/1/1576 2198/1/1576 2197/1/1576
f 2195/1/1577 2196/1/1577 2199/1/1577 2198/1/1577
f 2197/1/1578 2198/1/1578 2193/1/1578 2190/1/1578
f 2198/1/1579 2199/1/1579 2194/1/1579 2193/1/1579
f 2188/1/1580 2200/1/1580 2203/1/1580 2202/1/1580
f 2200/1/1581 2201/1/1581 2204/1/1581 2203/1/1581
f 2202/1/1582 2203/1/1582 2199/1/1582 2196/1/1582
f 2203/1/1583 2204/1/1583 2194/1/1583 2199/1/1583
f 2205/1/1584 2208/1/1584 2211/1/1584 2210/1/1584
f 2208/1/1585 2209/1/1585 2212/1/1585 2211/1/1585
f 2210/1/1586 2211/1/1586 2223/1/1586 2220/1/1586
f 2211/1/1587 2212/1/1587 2213/1/1587 2223/1/1587
f 2206/1/1588 2214/1/1588 2217/1/1588 2216/1/1588
f 2214/1/1589 2215/1/1589 2218/1/1589 2217/1/1589
f 2216/1/1590 2217/1/1590 2212/1/1590 2209/1/1590
f 2217/1/1591 2218/1/1591 2213/1/1591 2212/1/1591
f 2207/1/1592 2219/1/1592 2222/1/1592 2221/1/1592
f 2219/1/1593 2220/1/1593 2223/1/1593 2222/1/1593
f 2221/1/1594 2222/1/1594 2218/1/1594 2215/1/1594
f 2222/1/1595 2223/1/1595 2213/1/1595 2218/1/1595
f 2224/1/1596 2227/1/1596 2230/1/1596 2229/1/1596
f 2227/1/1597 2228/1/1597 2231/1/1597 2230/1/1597
f 2229/1/1598 2230/1/1598 2242/1/1598 2239/1/1598
f 2230/1/1599 2231/1/1599 2232/1/1599 2242/1/1599
f 2225/1/1600 2233/1/1600 2236/1/1600 2235/1/1600
f 2233/1/1601 2234/1/1601 2237/1/1601 2236/1/1601
f 2235/1/1602 2236/1/1602 2231/1/1602 2228/1/1602
f 2236/1/1603 2237/1/1603 2232/1/1603 2231/1/1603
f 2226/1/1604 2238/1/1604 2241/1/1604 2240/1/1604
f 2238/1/1605 2239/1/1605 2242/1/1605 2241/1/1605
f 2240/1/1606 2241/1/1606 2237/1/1606 2234/1/1606
f 2241/1/1607 2242/1/1607 2232/1/1607 2237/1/1607
f 2243/1/1608 2246/1/1608 2249/1/1608 2248/1/1608
f 2246/1/1609 2247/1/1609 2250/1/1609 2249/1/1609
f 2248/1/1610 2249/1/1610 2261/1/1610 2258/1/1610
f 2249/1/1611 2250/1/1611 2251/1/1611 2261/1/1611
f 2244/1/1612 2252/1/1612 2255/1/1612 2254/1/1612
f 2252/1/1613 2253/1/1613 2256/1/1613 2255/1/1613
f 2254/1/1614 2255/1/1614 2250/1/1614 2247/1/1614
f 2255/1/1615 2256/1/1615 2251/1/1615 2250/1/1615
f 2245/1/1616 2257/1/1616 2260/1/1616 2259/1/1616
f 2257/1/1617 2258/1/1617 2261/1/1617 2260/1/1617
f 2259/1/1618 2260/1/1618 2256/1/1618 2253/1/1618
f 2260/1/1619 2261/1/1619 2251/1/1619 2256/1/1619
f 2262/1/1620 2265/1/1620 2268/1/1620 2267/1/1620
f 2265/1/1621 2266/1/1621 2269/1/1621 2268/1/1621
f 2267/1/1622 2268/1/1622 2280/1/1622 2277/1/1622
f 2268/1/1623 2269/1/1623 2270/1/1623 2280/1/1623
f 2263/1/1624 2271/1/1624 2274/1/1624 2273/1/1624
f 2271/1/1625 2272/1/1625 2275/1/1625 2274/1/1625
f 2273/1/1626 2274/1/1626 2269/1/1626 2266/1/1626
f 2274/1/1627 2275/1/1627 2270/1/1627 2269/1/1627
f 2264/1/1628 2276/1/1628 2279/1/1628 2278/1/1628
f 2276/1/1629 2277/1/1629 2280/1/1629 2279/1/1629
f 2278/1/1630 2279/1/1630 2275/1/1630 2272/1/1630
f 2279/1/1631 2280/1/1631 2270/1/1631 2275/1/1631
f 2281/1/1632 2284/1/1632 2287/1/1632 2286/1/1632
f 2284/1/1633 2285/1/1633 2288/1/1633 2287/1/1633
f 2286/1/1634 2287/1/1634 2299/1/1634 2296/1/1634
f 2287/1/1635 2288/1/1635 2289/1/1635 2299/1/1635
f 2282/1/1636 2290/1/1636 2293/1/1636 2292/1/1636
f 2290/1/1637 2291/1/1637 2294/1/1637 2293/1/1637
f 2292/1/1638 2293/1/1638 2288/1/1638 2285/1/1638
f 2293/1/1639 2294/1/1639 2289/1/1639 2288/1/1639
f 2283/1/1640 2295/1/1640 2298/1/1640 2297/1/1640
f 2295/1/1641 2296/1/1641 2299/1/1641 2298/1/1641
f 2297/1/1642 2298/1/1642 2294/1/1642 2291/1/1642
f 2298/1/1643 2299/1/1643 2289/1/1643 2294/1/1643
f 2300/1/1644 2303/1/1644 2306/1/1644 2305/1/1644
f 2303/1/1645 2304/1/1645 2307/1/1645 2306/1/1645
f 2305/1/1646 2306/1/1646 2318/1/1646 2315/1/1646
f 2306/1/1647 2307/1/1647 2308/1/1647 2318/1/1647
f 2301/1/1648 2309/1/1648 2312/1/1648 2311/1/1648
f 2309/1/1649 2310/1/1649 2313/1/1649 2312/1/1649
f 2311/1/1650 2312/1/1650 2307/1/1650 2304/1/1650
f 2312/1/1651 2313/1/1651 2308/1/1651 2307/1/1651
f 2302/1/1652 2314/1/1652 2317/1/1652 2316/1/1652
f 2314/1/1653 2315/1/1653 2318/1/1653 2317/1/1653
f 2316/1/1654 2317/1/1654 2313/1/1654 2310/1/1654
f 2317/1/1655 2318/1/1655 2308/1/1655 2313/1/1655
f 2319/1/1656 2322/1/1656 2325/1/1656 2324/1/1656
f 2322/1/1657 2323/1/1657 2326/1/1657 2325/1/1657
f 2324/1/1658 2325/1/1658 2337/1/1658 2334/1/1658
f 2325/1/1659 2326/1/1659 2327/1/1659 2337/1/1659
f 2320/1/1660 2328/1/1660 2331/1/1660 2330/1/1660
f 2328/1/1661 2329/1/1661 2332/1/1661 2331/1/1661
f 2330/1/1662 2331/1/1662 2326/1/1662 2323/1/1662
f 2331/1/1663 2332/1/1663 2327/1/1663 2326/1/1663
f 2321/1/1664 2333/1/1664 2336/1/1664 2335/1/1664
f 2333/1/1665 2334/1/1665 2337/1/1665 2336/1/1665
f 2335/1/1666 2336/1/1666 2332/1/1666 2329/1/1666
f 2336/1/1667 2337/1/1667 2327/1/1667 2332/1/1667
f 2338/1/1668 2341/1/1668 2344/1/1668 2343/1/1668
f 2341/1/1669 2342/1/1669 2345/1/1669 2344/1/1669
f 2343/1/1670 2344/1/1670 2356/1/1670 2353/1/1670
f 2344/1/1671 2345/1/1671 2346/1/1671 2356/1/1671
f 2339/1/1672 2347/1/1672 2350/1/1672 2349/1/1672
f 2347/1/1673 2348/1/1673 2351/1/1673 2350/1/1673
f 2349/1/1674 2350/1/1674 2345/1/1674 2342/1/1674
f 2350/1/1675 2351/1/1675 2346/1/1675 2345/1/1675
f 2340/1/1676 2352/1/1676 2355/1/1676 2354/1/1676
f 2352/1/1677 2353/1/1677 2356/1/1677 2355/1/1677
f 2354/1/1678 2355/1/1678 2351/1/1678 2348/1/1678
f 2355/1/1679 2356/1/1679 2346/1/1679 2351/1/1679
f 2357/1/1680 2360/1/1680 2363/1/1680 2362/1/1680
f 2360/1/1681 2361/1/1681 2364/1/1681 2363/1/1681
f 2362/1/1682 2363/1/1682 2375/1/1682 2372/1/1682
f 2363/1/1683 2364/1/1683 2365/1/1683 2375/1/1683
f 2358/1/1684 2366/1/1684 2369/1/1684 2368/1/1684
f 2366/1/1685 2367/1/1685 2370/1/1685 2369/1/1685
f 2368/1/1686 2369/1/1686 2364/1/1686 2361/1/1686
f 2369/1/1687 2370/1/1687 2365/1/1687 2364/1/1687
f 2359/1/1688 2371/1/1688 2374/1/1688 2373/1/1688
f 2371/1/1689 2372/1/1689 2375/1/1689 2374/1/1689
f 2373/1/1690 2374/1/1690 2370/1/1690 2367/1/1690
f 2374/1/1691 2375/1/1691 2365/1/1691 2370/1/1691
f 2376/1/1692 2379/1/1692 2382/1/1692 2381/1/1692
f 2379/1/1693 2380/1/1693 2383/1/1693 2382/1/1693
f 2381/1/1694 2382/1/1694 2394/1/1694 2391/1/1694
f 2382/1/1695 2383/1/1695 2384/1/1695 2394/1/1695
f 2377/1/1696 2385/1/1696 2388/1/1696 2387/1/1696
f 2385/1/1697 2386/1/1697 2389/1/1697 2388/1/1697
f 2387/1/1698 2388/1/1698 2383/1/1698 2380/1/1698
f 2388/1/1699 2389/1/1699 2384/1/1699 2383/1/1699
f 2378/1/1700 2390/1/1700 2393/1/1700 2392/1/1700
f 2390/1/1701 2391/1/1701 2394/1/1701 2393/1/1701
f 2392/1/1702 2393/1/1702 2389/1/1702 2386/1/1702
f 2393/1/1703 2394/1/1703 2384/1/1703 2389/1/1703
f 2395/1/1704 2398/1/1704 2401/1/1704 2400/1/1704
f 2398/1/1705 2399/1/1705 2402/1/1705 2401/1/1705
f 2400/1/1706 2401/1/1706 2413/1/1706 2410/1/1706
f 2401/1/1707 2402/1/1707 2403/1/1707 2413/1/1707
f 2396/1/1708 2404/1/1708 2407/1/1708 2406/1/1708
f 2404/1/1709 2405/1/1709 2408/1/1709 2407/1/1709
f 2406/1/1710 2407/1/1710 2402/1/1710 2399/1/1710
f 2407/1/1711 2408/1/1711 2403/1/1711 2402/1/1711
f 2397/1/1712 2409/1/1712 2412/1/1712 2411/1/1712
f 2409/1/1713 2410/1/1713 2413/1/1713 2412/1/1713
f 2411/1/1714 2412/1/1714 2408/1/1714 2405/1/1714
f 2412/1/1715 2413/1/1715 2403/1/1715 2408/1/1715
f 2414/1/1716 2417/1/1716 2420/1/1716 2419/1/1716
f 2417/1/1717 2418/1/1717 2421/1/1717 2420/1/1717
f 2419/1/1718 2420/1/1718 2432/1/1718 2429/1/1718
f 2420/1/1719 2421/1/1719 2422/1/1719 2432/1/1719
f 2415/1/1720 2423/1/1720 2426/1/1720 2425/1/1720
f 2423/1/1721 2424/1/1721 2427/1/1721 2426/1/1721
f 2425/1/1722 2426/1/1722 2421/1/1722 2418/1/1722
f 2426/1/1723 2427/1/1723 2422/1/1723 2421/1/1723
f 2416/1/1724 2428/1/1724 2431/1/1724 2430/1/1724
f 2428/1/1725 2429/1/1725 2432/1/1725 2431/1/1725
f 2430/1/1726 2431/1/1726 2427/1/1726 2424/1/1726
f 2431/1/1727 2432/1/1727 2422/1/1727 2427/1/1727
f 1825/1/1728 1844/1/1728 1849/1/1728 1828/1/1728
f 1828/1/1729 1849/1/1729 1859/1/1729 1829/1/1729
f 1829/1/1730 1859/1/1730 1858/1/1730 1836/1/1730
f 1836/1/1731 1858/1/1731 1846/1/1731 1826/1/1731
f 1863/1/341 1827/1/341 1841/1/341 1866/1/341
f 1866/1/1732 1841/1/1732 1835/1/1732 1867/1/1732
f 1867/1/1733 1835/1/1733 1834/1/1733 1874/1/1733
f 1874/1/1734 1834/1/1734 1826/1/1734 1864/1/1734
f 1882/1/1735 1865/1/1735 1879/1/1735 1885/1/1735
f 1885/1/1736 1879/1/1736 1873/1/1736 1886/1/1736
f 1886/1/1737 1873/1/1737 1872/1/1737 1893/1/1737
f 1893/1/1738 1872/1/1738 1864/1/1738 1883/1/1738
f 1901/1/365 1884/1/365 1898/1/365 1904/1/365
f 1904/1/1739 1898/1/1739 1892/1/1739 1905/1/1739
f 1905/1/1740 1892/1/1740 1891/1/1740 1912/1/1740
f 1912/1/1741 1891/1/1741 1883/1/1741 1902/1/1741
f 1920/1/377 1903/1/377 1917/1/377 1923/1/377
f 1923/1/1742 1917/1/1742 1911/1/1742 1924/1/1742
f 1924/1/1743 1911/1/1743 1910/1/1743 1931/1/1743
f 1931/1/1744 1910/1/1744 1902/1/1744 1921/1/1744
f 1939/1/1745 1922/1/1745 1936/1/1745 1942/1/1745
f 1942/1/1746 1936/1/1746 1930/1/1746 1943/1/1746
f 1943/1/1747 1930/1/1747 1929/1/1747 1950/1/1747
f 1950/1/1748 1929/1/1748 1921/1/1748 1940/1/1748
f 1958/1/401 1941/1/401 1955/1/401 1961/1/401
f 1961/1/1749 1955/1/1749 1949/1/1749 1962/1/1749
f 1962/1/1750 1949/1/1750 1948/1/1750 1969/1/1750
f 1969/1/1751 1948/1/1751 1940/1/1751 1959/1/1751
f 1977/1/1752 1960/1/1752 1974/1/1752 1980/1/1752
f 1980/1/1753 1974/1/1753 1968/1/1753 1981/1/1753
f 1981/1/1754 1968/1/1754 1967/1/1754 1988/1/1754
f 1988/1/1755 1967/1/1755 1959/1/1755 1978/1/1755
f 1996/1/1756 1979/1/1756 1993/1/1756 1999/1/1756
f 1999/1/1757 1993/1/1757 1987/1/1757 2000/1/1757
f 2000/1/1758 1987/1/1758 1986/1/1758 2007/1/1758
f 2007/1/1759 1986/1/1759 1978/1/1759 1997/1/1759
f 2015/1/437 1998/1/437 2012/1/437 2018/1/437
f 2018/1/1760 2012/1/1760 2006/1/1760 2019/1/1760
f 2019/1/1761 2006/1/1761 2005/1/1761 2026/1/1761
f 2026/1/1762 2005/1/1762 1997/1/1762 2016/1/1762
f 2034/1/1763 2017/1/1763 2031/1/1763 2037/1/1763
f 2037/1/1764 2031/1/1764 2025/1/1764 2038/1/1764
f 2038/1/1765 2025/1/1765 2024/1/1765 2045/1/1765
f 2045/1/1766 2024/1/1766 2016/1/1766 2035/1/1766
f 2053/1/461 2036/1/461 2050/1/461 2056/1/461
f 2056/1/1767 2050/1/1767 2044/1/1767 2057/1/1767
f 2057/1/1768 2044/1/1768 2043/1/1768 2064/1/1768
f 2064/1/1769 2043/1/1769 2035/1/1769 2054/1/1769
f 2074/1/473 2055/1/473 2069/1/473 2086/1/473
f 2086/1/1770 2069/1/1770 2063/1/1770 2087/1/1770
f 2087/1/1771 2063/1/1771 2062/1/1771 2077/1/1771
f 2077/1/1772 2062/1/1772 2054/1/1772 2072/1/1772
f 2091/1/485 2073/1/485 2083/1/485 2094/1/485
f 2094/1/1773 2083/1/1773 2076/1/1773 2095/1/1773
f 2095/1/1774 2076/1/1774 2075/1/1774 2102/1/1774
f 2102/1/1775 2075/1/1775 2072/1/1775 2092/1/1775
f 2110/1/497 2093/1/497 2107/1/497 2113/1/497
f 2113/1/1776 2107/1/1776 2101/1/1776 2114/1/1776
f 2114/1/1777 2101/1/1777 2100/1/1777 2121/1/1777
f 2121/1/1778 2100/1/1778 2092/1/1778 2111/1/1778
f 2129/1/1779 2112/1/1779 2126/1/1779 2132/1/1779
f 2132/1/1780 2126/1/1780 2120/1/1780 2133/1/1780
f 2133/1/1781 2120/1/1781 2119/1/1781 2140/1/1781
f 2140/1/1782 2119/1/1782 2111/1/1782 2130/1/1782
f 2148/1/1783 2131/1/1783 2145/1/1783 2151/1/1783
f 2151/1/1784 2145/1/1784 2139/1/1784 2152/1/1784
f 2152/1/1785 2139/1/1785 2138/1/1785 2159/1/1785
f 2159/1/1786 2138/1/1786 2130/1/1786 2149/1/1786
f 2167/1/149 2150/1/149 2164/1/149 2170/1/149
f 2170/1/1787 2164/1/1787 2158/1/1787 2171/1/1787
f 2171/1/1788 2158/1/1788 2157/1/1788 2178/1/1788
f 2178/1/1789 2157/1/1789 2149/1/1789 2168/1/1789
f 2186/1/1790 2169/1/1790 2183/1/1790 2189/1/1790
f 2189/1/1791 2183/1/1791 2177/1/1791 2190/1/1791
f 2190/1/1792 2177/1/1792 2176/1/1792 2197/1/1792
f 2197/1/1793 2176/1/1793 2168/1/1793 2187/1/1793
f 2205/1/173 2188/1/173 2202/1/173 2208/1/173
f 2208/1/1794 2202/1/1794 2196/1/1794 2209/1/1794
f 2209/1/1795 2196/1/1795 2195/1/1795 2216/1/1795
f 2216/1/1796 2195/1/1796 2187/1/1796 2206/1/1796
f 2224/1/185 2207/1/185 2221/1/185 2227/1/185
f 2227/1/1797 2221/1/1797 2215/1/1797 2228/1/1797
f 2228/1/1798 2215/1/1798 2214/1/1798 2235/1/1798
f 2235/1/1799 2214/1/1799 2206/1/1799 2225/1/1799
f 2243/1/1800 2226/1/1800 2240/1/1800 2246/1/1800
f 2246/1/1801 2240/1/1801 2234/1/1801 2247/1/1801
f 2247/1/1802 2234/1/1802 2233/1/1802 2254/1/1802
f 2254/1/1803 2233/1/1803 2225/1/1803 2244/1/1803
f 2262/1/209 2245/1/209 2259/1/209 2265/1/209
f 2265/1/1804 2259/1/1804 2253/1/1804 2266/1/1804
f 2266/1/1805 2253/1/1805 2252/1/1805 2273/1/1805
f 2273/1/1806 2252/1/1806 2244/1/1806 2263/1/1806
f 2281/1/1807 2264/1/1807 2278/1/1807 2284/1/1807
f 2284/1/1808 2278/1/1808 2272/1/1808 2285/1/1808
f 2285/1/1809 2272/1/1809 2271/1/1809 2292/1/1809
f 2292/1/1810 2271/1/1810 2263/1/1810 2282/1/1810
f 2300/1/1811 2283/1/1811 2297/1/1811 2303/1/1811
f 2303/1/1812 2297/1/1812 2291/1/1812 2304/1/1812
f 2304/1/1813 2291/1/1813 2290/1/1813 2311/1/1813
f 2311/1/1814 2290/1/1814 2282/1/1814 2301/1/1814
f 2321/1/245 2302/1/245 2316/1/245 2333/1/245
f 2333/1/1815 2316/1/1815 2310/1/1815 2334/1/1815
f 2334/1/1816 2310/1/1816 2309/1/1816 2324/1/1816
f 2324/1/1817 2309/1/1817 2301/1/1817 2319/1/1817
f 2338/1/1818 2320/1/1818 2330/1/1818 2341/1/1818
f 2341/1/1819 2330/1/1819 2323/1/1819 2342/1/1819
f 2342/1/1820 2323/1/1820 2322/1/1820 2349/1/1820
f 2349/1/1821 2322/1/1821 2319/1/1821 2339/1/1821
f 2357/1/269 2340/1/269 2354/1/269 2360/1/269
f 2360/1/1822 2354/1/1822 2348/1/1822 2361/1/1822
f 2361/1/1823 2348/1/1823 2347/1/1823 2368/1/1823
f 2368/1/1824 2347/1/1824 2339/1/1824 2358/1/1824
f 2376/1/281 2359/1/281 2373/1/281 2379/1/281
f 2379/1/1825 2373/1/1825 2367/1/1825 2380/1/1825
f 2380/1/1826 2367/1/1826 2366/1/1826 2387/1/1826
f 2387/1/1827 2366/1/1827 2358/1/1827 2377/1/1827
f 2395/1/1828 2378/1/1828 2392/1/1828 2398/1/1828
f 2398/1/1829 2392/1/1829 2386/1/1829 2399/1/1829
f 2399/1/1830 2386/1/1830 2385/1/1830 2406/1/1830
f 2406/1/1831 2385/1/1831 2377/1/1831 2396/1/1831
f 2414/1/305 2397/1/305 2411/1/305 2417/1/305
f 2417/1/1832 2411/1/1832 2405/1/1832 2418/1/1832
f 2418/1/1833 2405/1/1833 2404/1/1833 2425/1/1833
f 2425/1/1834 2404/1/1834 2396/1/1834 2415/1/1834
f 1845/1/1835 2416/1/1835 2430/1/1835 1853/1/1835
f 1853/1/1836 2430/1/1836 2424/1/1836 1854/1/1836
f 1854/1/1837 2424/1/1837 2423/1/1837 1860/1/1837
f 1860/1/1838 2423/1/1838 2415/1/1838 1846/1/1838
f 1238/1/1786 1217/1/1786 1222/1/1786 1250/1/1786
f 1250/1/1785 1222/1/1785 1232/1/1785 1251/1/1785
f 1251/1/1784 1232/1/1784 1231/1/1784 1241/1/1784
f 1241/1/1783 1231/1/1783 1219/1/1783 1236/1/1783
f 1257/1/1789 1238/1/1789 1252/1/1789 1269/1/1789
f 1269/1/1788 1252/1/1788 1246/1/1788 1270/1/1788
f 1270/1/1787 1246/1/1787 1245/1/1787 1260/1/1787
f 1260/1/149 1245/1/149 1237/1/149 1255/1/149
f 1276/1/1793 1257/1/1793 1271/1/1793 1288/1/1793
f 1288/1/1792 1271/1/1792 1265/1/1792 1289/1/1792
f 1289/1/1791 1265/1/1791 1264/1/1791 1279/1/1791
f 1279/1/1790 1264/1/1790 1256/1/1790 1274/1/1790
f 1295/1/1796 1276/1/1796 1290/1/1796 1307/1/1796
f 1307/1/1795 1290/1/1795 1284/1/1795 1308/1/1795
f 1308/1/1794 1284/1/1794 1283/1/1794 1298/1/1794
f 1298/1/1839 1283/1/1839 1275/1/1839 1293/1/1839
f 1314/1/1799 1295/1/1799 1309/1/1799 1326/1/1799
f 1326/1/1798 1309/1/1798 1303/1/1798 1327/1/1798
f 1327/1/1797 1303/1/1797 1302/1/1797 1317/1/1797
f 1317/1/185 1302/1/185 1294/1/185 1312/1/185
f 1333/1/1803 1314/1/1803 1328/1/1803 1345/1/1803
f 1345/1/1802 1328/1/1802 1322/1/1802 1346/1/1802
f 1346/1/1801 1322/1/1801 1321/1/1801 1336/1/1801
f 1336/1/1800 1321/1/1800 1313/1/1800 1331/1/1800
f 1352/1/1806 1333/1/1806 1347/1/1806 1364/1/1806
f 1364/1/1805 1347/1/1805 1341/1/1805 1365/1/1805
f 1365/1/1804 1341/1/1804 1340/1/1804 1355/1/1804
f 1355/1/209 1340/1/209 1332/1/209 1350/1/209
f 1371/1/1810 1352/1/1810 1366/1/1810 1383/1/1810
f 1383/1/1809 1366/1/1809 1360/1/1809 1384/1/1809
f 1384/1/1808 1360/1/1808 1359/1/1808 1374/1/1808
f 1374/1/1807 1359/1/1807 1351/1/1807 1369/1/1807
f 1390/1/1814 1371/1/1814 1385/1/1814 1402/1/1814
f 1402/1/1813 1385/1/1813 1379/1/1813 1403/1/1813
f 1403/1/1812 1379/1/1812 1378/1/1812 1393/1/1812
f 1393/1/1811 1378/1/1811 1370/1/1811 1388/1/1811
f 1409/1/1817 1390/1/1817 1404/1/1817 1421/1/1817
f 1421/1/1816 1404/1/1816 1398/1/1816 1422/1/1816
f 1422/1/1815 1398/1/1815 1397/1/1815 1412/1/1815
f 1412/1/245 1397/1/245 1389/1/245 1407/1/245
f 1428/1/1821 1409/1/1821 1423/1/1821 1440/1/1821
f 1440/1/1820 1423/1/1820 1417/1/1820 1441/1/1820
f 1441/1/1819 1417/1/1819 1416/1/1819 1431/1/1819
f 1431/1/1818 1416/1/1818 1408/1/1818 1426/1/1818
f 1447/1/1824 1428/1/1824 1442/1/1824 1459/1/1824
f 1459/1/1823 1442/1/1823 1436/1/1823 1460/1/1823
f 1460/1/1822 1436/1/1822 1435/1/1822 1450/1/1822
f 1450/1/269 1435/1/269 1427/1/269 1445/1/269
f 1466/1/1827 1447/1/1827 1461/1/1827 1478/1/1827
f 1478/1/1826 1461/1/1826 1455/1/1826 1479/1/1826
f 1479/1/1825 1455/1/1825 1454/1/1825 1469/1/1825
f 1469/1/281 1454/1/281 1446/1/281 1464/1/281
f 1485/1/1831 1466/1/1831 1480/1/1831 1497/1/1831
f 1497/1/1830 1480/1/1830 1474/1/1830 1498/1/1830
f 1498/1/1829 1474/1/1829 1473/1/1829 1488/1/1829
f 1488/1/1828 1473/1/1828 1465/1/1828 1483/1/1828
f 1504/1/1834 1485/1/1834 1499/1/1834 1516/1/1834
f 1516/1/1833 1499/1/1833 1493/1/1833 1517/1/1833
f 1517/1/1832 1493/1/1832 1492/1/1832 1507/1/1832
f 1507/1/305 1492/1/305 1484/1/305 1502/1/305
f 1523/1/1838 1504/1/1838 1518/1/1838 1535/1/1838
f 1535/1/1837 1518/1/1837 1512/1/1837 1536/1/1837
f 1536/1/1836 1512/1/1836 1511/1/1836 1526/1/1836
f 1526/1/1835 1511/1/1835 1503/1/1835 1521/1/1835
f 1542/1/1731 1523/1/1731 1537/1/1731 1554/1/1731
f 1554/1/1730 1537/1/1730 1531/1/1730 1555/1/1730
f 1555/1/1729 1531/1/1729 1530/1/1729 1545/1/1729
f 1545/1/1728 1530/1/1728 1522/1/1728 1540/1/1728
f 1561/1/1734 1542/1/1734 1556/1/1734 1573/1/1734
f 1573/1/1733 1556/1/1733 1550/1/1733 1574/1/1733
f 1574/1/1732 1550/1/1732 1549/1/1732 1564/1/1732
f 1564/1/341 1549/1/341 1541/1/341 1559/1/341
f 1580/1/1738 1561/1/1738 1575/1/1738 1592/1/1738
f 1592/1/1737 1575/1/1737 1569/1/1737 1593/1/1737
f 1593/1/1736 1569/1/1736 1568/1/1736 1583/1/1736
f 1583/1/1735 1568/1/1735 1560/1/1735 1578/1/1735
f 1599/1/1741 1580/1/1741 1594/1/1741 1611/1/1741
f 1611/1/1740 1594/1/1740 1588/1/1740 1612/1/1740
f 1612/1/1739 1588/1/1739 1587/1/1739 1602/1/1739
f 1602/1/1840 1587/1/1840 1579/1/1840 1597/1/1840
f 1618/1/1744 1599/1/1744 1613/1/1744 1630/1/1744
f 1630/1/1743 1613/1/1743 1607/1/1743 1631/1/1743
f 1631/1/1742 1607/1/1742 1606/1/1742 1621/1/1742
f 1621/1/377 1606/1/377 1598/1/377 1616/1/377
f 1637/1/1748 1618/1/1748 1632/1/1748 1649/1/1748
f 1649/1/1747 1632/1/1747 1626/1/1747 1650/1/1747
f 1650/1/1746 1626/1/1746 1625/1/1746 1640/1/1746
f 1640/1/1745 1625/1/1745 1617/1/1745 1635/1/1745
f 1656/1/1751 1637/1/1751 1651/1/1751 1668/1/1751
f 1668/1/1750 1651/1/1750 1645/1/1750 1669/1/1750
f 1669/1/1749 1645/1/1749 1644/1/1749 1659/1/1749
f 1659/1/401 1644/1/401 1636/1/401 1654/1/401
f 1675/1/1755 1656/1/1755 1670/1/1755 1687/1/1755
f 1687/1/1754 1670/1/1754 1664/1/1754 1688/1/1754
f 1688/1/1753 1664/1/1753 1663/1/1753 1678/1/1753
f 1678/1/1752 1663/1/1752 1655/1/1752 1673/1/1752
f 1694/1/1759 1675/1/1759 1689/1/1759 1706/1/1759
f 1706/1/1758 1689/1/1758 1683/1/1758 1707/1/1758
f 1707/1/1757 1683/1/1757 1682/1/1757 1697/1/1757
f 1697/1/1756 1682/1/1756 1674/1/1756 1692/1/1756
f 1713/1/1762 1694/1/1762 1708/1/1762 1725/1/1762
f 1725/1/1761 1708/1/1761 1702/1/1761 1726/1/1761
f 1726/1/1760 1702/1/1760 1701/1/1760 1716/1/1760
f 1716/1/437 1701/1/437 1693/1/437 1711/1/437
f 1732/1/1766 1713/1/1766 1727/1/1766 1744/1/1766
f 1744/1/1765 1727/1/1765 1721/1/1765 1745/1/1765
f 1745/1/1764 1721/1/1764 1720/1/1764 1735/1/1764
f 1735/1/1763 1720/1/1763 1712/1/1763 1730/1/1763
f 1751/1/1769 1732/1/1769 1746/1/1769 1763/1/1769
f 1763/1/1768 1746/1/1768 1740/1/1768 1764/1/1768
f 1764/1/1767 1740/1/1767 1739/1/1767 1754/1/1767
f 1754/1/461 1739/1/461 1731/1/461 1749/1/461
f 1770/1/1772 1751/1/1772 1765/1/1772 1782/1/1772
f 1782/1/1771 1765/1/1771 1759/1/1771 1783/1/1771
f 1783/1/1770 1759/1/1770 1758/1/1770 1773/1/1770
f 1773/1/473 1758/1/473 1750/1/473 1768/1/473
f 1789/1/1775 1770/1/1775 1784/1/1775 1801/1/1775
f 1801/1/1774 1784/1/1774 1778/1/1774 1802/1/1774
f 1802/1/1773 1778/1/1773 1777/1/1773 1792/1/1773
f 1792/1/1841 1777/1/1841 1769/1/1841 1787/1/1841
f 1808/1/1778 1789/1/1778 1803/1/1778 1820/1/1778
f 1820/1/1777 1803/1/1777 1797/1/1777 1821/1/1777
f 1821/1/1776 1797/1/1776 1796/1/1776 1811/1/1776
f 1811/1/497 1796/1/497 1788/1/497 1806/1/497
f 1217/1/1782 1808/1/1782 1822/1/1782 1220/1/1782
f 1220/1/1781 1822/1/1781 1816/1/1781 1221/1/1781
f 1221/1/1780 1816/1/1780 1815/1/1780 1228/1/1780
f 1228/1/1779 1815/1/1779 1807/1/1779 1218/1/1779
f 1827/1/33 1237/1/33 1247/1/33 1839/1/33
f 1839/1/33 1247/1/33 1240/1/33 1840/1/33
f 1840/1/33 1240/1/33 1239/1/33 1830/1/33
f 1830/1/33 1239/1/33 1236/1/33 1825/1/33
f 1218/1/33 1845/1/33 1855/1/33 1226/1/33
f 1226/1/33 1855/1/33 1848/1/33 1227/1/33
f 1227/1/33 1848/1/33 1847/1/33 1233/1/33
f 1233/1/33 1847/1/33 1844/1/33 1219/1/33
f 1865/1/33 1256/1/33 1266/1/33 1877/1/33
f 1877/1/33 1266/1/33 1259/1/33 1878/1/33
f 1878/1/33 1259/1/33 1258/1/33 1868/1/33
f 1868/1/33 1258/1/33 1255/1/33 1863/1/33
f 1884/1/33 1275/1/33 1285/1/33 1896/1/33
f 1896/1/33 1285/1/33 1278/1/33 1897/1/33
f 1897/1/33 1278/1/33 1277/1/33 1887/1/33
f 1887/1/33 1277/1/33 1274/1/33 1882/1/33
f 1903/1/33 1294/1/33 1304/1/33 1915/1/33
f 1915/1/33 1304/1/33 1297/1/33 1916/1/33
f 1916/1/33 1297/1/33 1296/1/33 1906/1/33
f 1906/1/33 1296/1/33 1293/1/33 1901/1/33
f 1922/1/33 1313/1/33 1323/1/33 1934/1/33
f 1934/1/33 1323/1/33 1316/1/33 1935/1/33
f 1935/1/33 1316/1/33 1315/1/33 1925/1/33
f 1925/1/33 1315/1/33 1312/1/33 1920/1/33
f 1941/1/33 1332/1/33 1342/1/33 1953/1/33
f 1953/1/33 1342/1/33 1335/1/33 1954/1/33
f 1954/1/33 1335/1/33 1334/1/33 1944/1/33
f 1944/1/33 1334/1/33 1331/1/33 1939/1/33
f 1960/1/33 1351/1/33 1361/1/33 1972/1/33
f 1972/1/33 1361/1/33 1354/1/33 1973/1/33
f 1973/1/33 1354/1/33 1353/1/33 1963/1/33
f 1963/1/33 1353/1/33 1350/1/33 1958/1/33
f 1979/1/33 1370/1/33 1380/1/33 1991/1/33
f 1991/1/33 1380/1/33 1373/1/33 1992/1/33
f 1992/1/33 1373/1/33 1372/1/33 1982/1/33
f 1982/1/33 1372/1/33 1369/1/33 1977/1/33
f 1998/1/33 1389/1/33 1399/1/33 2010/1/33
f 2010/1/33 1399/1/33 1392/1/33 2011/1/33
f 2011/1/33 1392/1/33 1391/1/33 2001/1/33
f 2001/1/33 1391/1/33 1388/1/33 1996/1/33
f 2017/1/33 1408/1/33 1418/1/33 2029/1/33
f 2029/1/33 1418/1/33 1411/1/33 2030/1/33
f 2030/1/33 1411/1/33 1410/1/33 2020/1/33
f 2020/1/33 1410/1/33 1407/1/33 2015/1/33
f 2036/1/33 1427/1/33 1437/1/33 2048/1/33
f 2048/1/33 1437/1/33 1430/1/33 2049/1/33
f 2049/1/33 1430/1/33 1429/1/33 2039/1/33
f 2039/1/33 1429/1/33 1426/1/33 2034/1/33
f 2055/1/33 1446/1/33 1456/1/33 2067/1/33
f 2067/1/33 1456/1/33 1449/1/33 2068/1/33
f 2068/1/33 1449/1/33 1448/1/33 2058/1/33
f 2058/1/33 1448/1/33 1445/1/33 2053/1/33
f 2073/1/33 1465/1/33 1475/1/33 2081/1/33
f 2081/1/33 1475/1/33 1468/1/33 2082/1/33
f 2082/1/33 1468/1/33 1467/1/33 2088/1/33
f 2088/1/33 1467/1/33 1464/1/33 2074/1/33
f 2093/1/33 1484/1/33 1494/1/33 2105/1/33
f 2105/1/33 1494/1/33 1487/1/33 2106/1/33
f 2106/1/33 1487/1/33 1486/1/33 2096/1/33
f 2096/1/33 1486/1/33 1483/1/33 2091/1/33
f 2112/1/33 1503/1/33 1513/1/33 2124/1/33
f 2124/1/33 1513/1/33 1506/1/33 2125/1/33
f 2125/1/33 1506/1/33 1505/1/33 2115/1/33
f 2115/1/33 1505/1/33 1502/1/33 2110/1/33
f 2131/1/33 1522/1/33 1532/1/33 2143/1/33
f 2143/1/33 1532/1/33 1525/1/33 2144/1/33
f 2144/1/33 1525/1/33 1524/1/33 2134/1/33
f 2134/1/33 1524/1/33 1521/1/33 2129/1/33
f 2150/1/33 1541/1/33 1551/1/33 2162/1/33
f 2162/1/33 1551/1/33 1544/1/33 2163/1/33
f 2163/1/33 1544/1/33 1543/1/33 2153/1/33
f 2153/1/33 1543/1/33 1540/1/33 2148/1/33
f 2169/1/33 1560/1/33 1570/1/33 2181/1/33
f 2181/1/33 1570/1/33 1563/1/33 2182/1/33
f 2182/1/33 1563/1/33 1562/1/33 2172/1/33
f 2172/1/33 1562/1/33 1559/1/33 2167/1/33
f 2188/1/33 1579/1/33 1589/1/33 2200/1/33
f 2200/1/33 1589/1/33 1582/1/33 2201/1/33
f 2201/1/33 1582/1/33 1581/1/33 2191/1/33
f 2191/1/33 1581/1/33 1578/1/33 2186/1/33
f 2207/1/33 1598/1/33 1608/1/33 2219/1/33
f 2219/1/33 1608/1/33 1601/1/33 2220/1/33
f 2220/1/33 1601/1/33 1600/1/33 2210/1/33
f 2210/1/33 1600/1/33 1597/1/33 2205/1/33
f 2226/1/33 1617/1/33 1627/1/33 2238/1/33
f 2238/1/33 1627/1/33 1620/1/33 2239/1/33
f 2239/1/33 1620/1/33 1619/1/33 2229/1/33
f 2229/1/33 1619/1/33 1616/1/33 2224/1/33
f 2245/1/33 1636/1/33 1646/1/33 2257/1/33
f 2257/1/33 1646/1/33 1639/1/33 2258/1/33
f 2258/1/33 1639/1/33 1638/1/33 2248/1/33
f 2248/1/33 1638/1/33 1635/1/33 2243/1/33
f 2264/1/33 1655/1/33 1665/1/33 2276/1/33
f 2276/1/33 1665/1/33 1658/1/33 2277/1/33
f 2277/1/33 1658/1/33 1657/1/33 2267/1/33
f 2267/1/33 1657/1/33 1654/1/33 2262/1/33
f 2283/1/33 1674/1/33 1684/1/33 2295/1/33
f 2295/1/33 1684/1/33 1677/1/33 2296/1/33
f 2296/1/33 1677/1/33 1676/1/33 2286/1/33
f 2286/1/33 1676/1/33 1673/1/33 2281/1/33
f 2302/1/33 1693/1/33 1703/1/33 2314/1/33
f 2314/1/33 1703/1/33 1696/1/33 2315/1/33
f 2315/1/33 1696/1/33 1695/1/33 2305/1/33
f 2305/1/33 1695/1/33 1692/1/33 2300/1/33
f 2320/1/33 1712/1/33 1722/1/33 2328/1/33
f 2328/1/33 1722/1/33 1715/1/33 2329/1/33
f 2329/1/33 1715/1/33 1714/1/33 2335/1/33
f 2335/1/33 1714/1/33 1711/1/33 2321/1/33
f 2340/1/33 1731/1/33 1741/1/33 2352/1/33
f 2352/1/33 1741/1/33 1734/1/33 2353/1/33
f 2353/1/33 1734/1/33 1733/1/33 2343/1/33
f 2343/1/33 1733/1/33 1730/1/33 2338/1/33
f 2359/1/33 1750/1/33 1760/1/33 2371/1/33
f 2371/1/33 1760/1/33 1753/1/33 2372/1/33
f 2372/1/33 1753/1/33 1752/1/33 2362/1/33
f 2362/1/33 1752/1/33 1749/1/33 2357/1/33
f 2378/1/33 1769/1/33 1779/1/33 2390/1/33
f 2390/1/33 1779/1/33 1772/1/33 2391/1/33
f 2391/1/33 1772/1/33 1771/1/33 2381/1/33
f 2381/1/33 1771/1/33 1768/1/33 2376/1/33
f 2397/1/33 1788/1/33 1798/1/33 2409/1/33
f 2409/1/33 1798/1/33 1791/1/33 2410/1/33
f 2410/1/33 1791/1/33 1790/1/33 2400/1/33
f 2400/1/33 1790/1/33 1787/1/33 2395/1/33
f 2416/1/33 1807/1/33 1817/1/33 2428/1/33
f 2428/1/33 1817/1/33 1810/1/33 2429/1/33
f 2429/1/33 1810/1/33 1809/1/33 2419/1/33
f 2419/1/33 1809/1/33 1806/1/33 2414/1/33
f 1217/1/11 1238/1/11 65/1/11 66/1/11
f 1218/1/511 1807/1/511 2416/1/511 1845/1/511
f 1236/1/511 1219/1/511 1844/1/511 1825/1/511
f 1808/1/8 1217/1/8 66/1/8 96/1/8
f 1238/1/14 1257/1/14 67/1/14 65/1/14
f 1255/1/511 1237/1/511 1827/1/511 1863/1/511
f 1257/1/17 1276/1/17 68/1/17 67/1/17
f 1274/1/511 1256/1/511 1865/1/511 1882/1/511
f 1276/1/19 1295/1/19 69/1/19 68/1/19
f 1293/1/511 1275/1/511 1884/1/511 1901/1/511
f 1295/1/21 1314/1/21 70/1/21 69/1/21
f 1312/1/511 1294/1/511 1903/1/511 1920/1/511
f 1314/1/23 1333/1/23 71/1/23 70/1/23
f 1331/1/511 1313/1/511 1922/1/511 1939/1/511
f 1333/1/25 1352/1/25 72/1/25 71/1/25
f 1350/1/511 1332/1/511 1941/1/511 1958/1/511
f 1352/1/27 1371/1/27 73/1/27 72/1/27
f 1369/1/511 1351/1/511 1960/1/511 1977/1/511
f 1371/1/29 1390/1/29 74/1/29 73/1/29
f 1388/1/511 1370/1/511 1979/1/511 1996/1/511
f 1390/1/31 1409/1/31 75/1/31 74/1/31
f 1407/1/511 1389/1/511 1998/1/511 2015/1/511
f 1409/1/1 1428/1/1 76/1/1 75/1/1
f 1426/1/511 1408/1/511 2017/1/511 2034/1/511
f 1428/1/4 1447/1/4 77/1/4 76/1/4
f 1445/1/511 1427/1/511 2036/1/511 2053/1/511
f 1447/1/7 1466/1/7 78/1/7 77/1/7
f 1464/1/511 1446/1/511 2055/1/511 2074/1/511
f 1466/1/10 1485/1/10 79/1/10 78/1/10
f 1483/1/511 1465/1/511 2073/1/511 2091/1/511
f 1485/1/13 1504/1/13 80/1/13 79/1/13
f 1502/1/511 1484/1/511 2093/1/511 2110/1/511
f 1504/1/16 1523/1/16 81/1/16 80/1/16
f 1521/1/511 1503/1/511 2112/1/511 2129/1/511
f 1523/1/3 1542/1/3 82/1/3 81/1/3
f 1540/1/511 1522/1/511 2131/1/511 2148/1/511
f 1542/1/6 1561/1/6 83/1/6 82/1/6
f 1559/1/511 1541/1/511 2150/1/511 2167/1/511
f 1561/1/9 1580/1/9 84/1/9 83/1/9
f 1578/1/511 1560/1/511 2169/1/511 2186/1/511
f 1580/1/12 1599/1/12 85/1/12 84/1/12
f 1597/1/511 1579/1/511 2188/1/511 2205/1/511
f 1599/1/15 1618/1/15 86/1/15 85/1/15
f 1616/1/511 1598/1/511 2207/1/511 2224/1/511
f 1618/1/18 1637/1/18 87/1/18 86/1/18
f 1635/1/511 1617/1/511 2226/1/511 2243/1/511
f 1637/1/20 1656/1/20 88/1/20 87/1/20
f 1654/1/511 1636/1/511 2245/1/511 2262/1/511
f 1656/1/22 1675/1/22 89/1/22 88/1/22
f 1673/1/511 1655/1/511 2264/1/511 2281/1/511
f 1675/1/24 1694/1/24 90/1/24 89/1/24
f 1692/1/511 1674/1/511 2283/1/511 2300/1/511
f 1694/1/26 1713/1/26 91/1/26 90/1/26
f 1711/1/511 1693/1/511 2302/1/511 2321/1/511
f 1713/1/28 1732/1/28 92/1/28 91/1/28
f 1730/1/511 1712/1/511 2320/1/511 2338/1/511
f 1732/1/30 1751/1/30 93/1/30 92/1/30
f 1749/1/511 1731/1/511 2340/1/511 2357/1/511
f 1751/1/32 1770/1/32 94/1/32 93/1/32
f 1768/1/511 1750/1/511 2359/1/511 2376/1/511
f 1770/1/2 1789/1/2 95/1/2 94/1/2
f 1787/1/511 1769/1/511 2378/1/511 2395/1/511
f 1789/1/5 1808/1/5 96/1/5 95/1/5
f 1806/1/511 1788/1/511 2397/1/511 2414/1/511
f 6/1/3 5/1/3 1826/1/3 1846/1/3
f 5/1/6 9/1/6 1864/1/6 1826/1/6
f 16/1/16 6/1/16 1846/1/16 2415/1/16
f 9/1/9 12/1/9 1883/1/9 1864/1/9
f 12/1/12 15/1/12 1902/1/12 1883/1/12
f 15/1/15 18/1/15 1921/1/15 1902/1/15
f 18/1/18 20/1/18 1940/1/18 1921/1/18
f 20/1/20 22/1/20 1959/1/20 1940/1/20
f 22/1/22 24/1/22 1978/1/22 1959/1/22
f 24/1/24 26/1/24 1997/1/24 1978/1/24
f 26/1/26 28/1/26 2016/1/26 1997/1/26
f 28/1/28 30/1/28 2035/1/28 2016/1/28
f 30/1/30 32/1/30 2054/1/30 2035/1/30
f 32/1/32 4/1/32 2072/1/32 2054/1/32
f 4/1/2 3/1/2 2092/1/2 2072/1/2
f 3/1/5 8/1/5 2111/1/5 2092/1/5
f 8/1/8 11/1/8 2130/1/8 2111/1/8
f 11/1/11 14/1/11 2149/1/11 2130/1/11
f 14/1/14 17/1/14 2168/1/14 2149/1/14
f 17/1/17 19/1/17 2187/1/17 2168/1/17
f 19/1/19 21/1/19 2206/1/19 2187/1/19
f 21/1/21 23/1/21 2225/1/21 2206/1/21
f 23/1/23 25/1/23 2244/1/23 2225/1/23
f 25/1/25 27/1/25 2263/1/25 2244/1/25
f 27/1/27 29/1/27 2282/1/27 2263/1/27
f 29/1/29 31/1/29 2301/1/29 2282/1/29
f 31/1/31 2/1/31 2319/1/31 2301/1/31
f 2/1/1 1/1/1 2339/1/1 2319/1/1
f 1/1/4 7/1/4 2358/1/4 2339/1/4
f 7/1/7 10/1/7 2377/1/7 2358/1/7
f 10/1/10 13/1/10 2396/1/10 2377/1/10
f 13/1/13 16/1/13 2415/1/13 2396/1/13
